id,P1,model
1,neutral,deepseek-flash
16,positive,deepseek-flash
7,positive,deepseek-flash
5,neutral,deepseek-flash
11,neutral,deepseek-flash
12,neutral,deepseek-flash
10,positive,deepseek-flash
17,positive,deepseek-flash
2,negative,deepseek-flash
13,positive,deepseek-flash
6,positive,deepseek-flash
8,positive,deepseek-flash
19,positive,deepseek-flash
18,positive,deepseek-flash
14,positive,deepseek-flash
4,neutral,deepseek-flash
0,neutral,deepseek-flash
3,positive,deepseek-flash
15,positive,deepseek-flash
9,positive,deepseek-flash
50,positive,deepseek-flash
35,positive,deepseek-flash
31,positive,deepseek-flash
30,neutral,deepseek-flash
38,positive,deepseek-flash
51,positive,deepseek-flash
37,positive,deepseek-flash
45,positive,deepseek-flash
46,positive,deepseek-flash
29,positive,deepseek-flash
26,positive,deepseek-flash
42,neutral,deepseek-flash
22,positive,deepseek-flash
36,positive,deepseek-flash
40,positive,deepseek-flash
32,neutral,deepseek-flash
34,positive,deepseek-flash
39,neutral,deepseek-flash
44,positive,deepseek-flash
28,positive,deepseek-flash
33,positive,deepseek-flash
25,positive,deepseek-flash
48,positive,deepseek-flash
20,positive,deepseek-flash
21,neutral,deepseek-flash
41,positive,deepseek-flash
43,neutral,deepseek-flash
47,neutral,deepseek-flash
24,positive,deepseek-flash
61,neutral,deepseek-flash
52,neutral,deepseek-flash
27,positive,deepseek-flash
49,positive,deepseek-flash
63,neutral,deepseek-flash
68,neutral,deepseek-flash
23,positive,deepseek-flash
53,positive,deepseek-flash
70,neutral,deepseek-flash
60,neutral,deepseek-flash
64,neutral,deepseek-flash
55,positive,deepseek-flash
65,neutral,deepseek-flash
67,neutral,deepseek-flash
56,positive,deepseek-flash
71,neutral,deepseek-flash
62,neutral,deepseek-flash
76,neutral,deepseek-flash
66,neutral,deepseek-flash
72,neutral,deepseek-flash
57,neutral,deepseek-flash
54,positive,deepseek-flash
69,neutral,deepseek-flash
74,neutral,deepseek-flash
78,neutral,deepseek-flash
85,neutral,deepseek-flash
77,positive,deepseek-flash
59,neutral,deepseek-flash
80,neutral,deepseek-flash
75,neutral,deepseek-flash
58,neutral,deepseek-flash
73,neutral,deepseek-flash
89,neutral,deepseek-flash
79,neutral,deepseek-flash
91,positive,deepseek-flash
83,neutral,deepseek-flash
82,positive,deepseek-flash
87,positive,deepseek-flash
81,neutral,deepseek-flash
92,positive,deepseek-flash
107,positive,deepseek-flash
95,positive,deepseek-flash
99,positive,deepseek-flash
86,positive,deepseek-flash
84,neutral,deepseek-flash
90,neutral,deepseek-flash
88,positive,deepseek-flash
108,positive,deepseek-flash
97,neutral,deepseek-flash
105,positive,deepseek-flash
102,neutral,deepseek-flash
93,positive,deepseek-flash
94,positive,deepseek-flash
98,positive,deepseek-flash
103,neutral,deepseek-flash
96,positive,deepseek-flash
101,positive,deepseek-flash
106,positive,deepseek-flash
100,positive,deepseek-flash
111,positive,deepseek-flash
104,positive,deepseek-flash
112,positive,deepseek-flash
115,positive,deepseek-flash
113,positive,deepseek-flash
123,positive,deepseek-flash
109,neutral,deepseek-flash
122,neutral,deepseek-flash
121,positive,deepseek-flash
117,positive,deepseek-flash
110,positive,deepseek-flash
125,neutral,deepseek-flash
118,positive,deepseek-flash
120,positive,deepseek-flash
126,neutral,deepseek-flash
116,positive,deepseek-flash
124,positive,deepseek-flash
114,neutral,deepseek-flash
119,positive,deepseek-flash
133,positive,deepseek-flash
129,positive,deepseek-flash
127,positive,deepseek-flash
128,positive,deepseek-flash
136,neutral,deepseek-flash
134,neutral,deepseek-flash
130,positive,deepseek-flash
148,neutral,deepseek-flash
137,positive,deepseek-flash
135,positive,deepseek-flash
141,positive,deepseek-flash
132,positive,deepseek-flash
138,neutral,deepseek-flash
131,neutral,deepseek-flash
139,positive,deepseek-flash
145,neutral,deepseek-flash
140,positive,deepseek-flash
144,positive,deepseek-flash
155,positive,deepseek-flash
142,positive,deepseek-flash
146,positive,deepseek-flash
149,neutral,deepseek-flash
143,positive,deepseek-flash
156,positive,deepseek-flash
150,neutral,deepseek-flash
163,positive,deepseek-flash
151,positive,deepseek-flash
154,positive,deepseek-flash
161,positive,deepseek-flash
166,positive,deepseek-flash
152,neutral,deepseek-flash
157,positive,deepseek-flash
158,neutral,deepseek-flash
153,positive,deepseek-flash
147,positive,deepseek-flash
164,positive,deepseek-flash
160,positive,deepseek-flash
159,neutral,deepseek-flash
178,positive,deepseek-flash
167,positive,deepseek-flash
162,positive,deepseek-flash
170,positive,deepseek-flash
172,positive,deepseek-flash
168,positive,deepseek-flash
165,positive,deepseek-flash
169,positive,deepseek-flash
171,positive,deepseek-flash
179,positive,deepseek-flash
181,positive,deepseek-flash
182,positive,deepseek-flash
175,positive,deepseek-flash
183,positive,deepseek-flash
176,positive,deepseek-flash
177,positive,deepseek-flash
174,positive,deepseek-flash
184,positive,deepseek-flash
173,positive,deepseek-flash
180,positive,deepseek-flash
186,negative,deepseek-flash
185,neutral,deepseek-flash
197,positive,deepseek-flash
193,positive,deepseek-flash
188,neutral,deepseek-flash
189,positive,deepseek-flash
192,positive,deepseek-flash
201,positive,deepseek-flash
191,positive,deepseek-flash
194,positive,deepseek-flash
195,positive,deepseek-flash
212,positive,deepseek-flash
198,positive,deepseek-flash
202,neutral,deepseek-flash
190,positive,deepseek-flash
196,positive,deepseek-flash
199,positive,deepseek-flash
200,positive,deepseek-flash
187,positive,deepseek-flash
213,positive,deepseek-flash
203,positive,deepseek-flash
210,neutral,deepseek-flash
206,positive,deepseek-flash
205,positive,deepseek-flash
207,positive,deepseek-flash
215,positive,deepseek-flash
208,neutral,deepseek-flash
209,neutral,deepseek-flash
216,positive,deepseek-flash
222,neutral,deepseek-flash
229,positive,deepseek-flash
230,positive,deepseek-flash
218,positive,deepseek-flash
228,positive,deepseek-flash
219,positive,deepseek-flash
220,neutral,deepseek-flash
217,positive,deepseek-flash
211,positive,deepseek-flash
214,positive,deepseek-flash
204,positive,deepseek-flash
221,positive,deepseek-flash
224,positive,deepseek-flash
223,positive,deepseek-flash
227,positive,deepseek-flash
234,positive,deepseek-flash
226,positive,deepseek-flash
232,neutral,deepseek-flash
225,positive,deepseek-flash
235,positive,deepseek-flash
231,positive,deepseek-flash
233,neutral,deepseek-flash
236,positive,deepseek-flash
244,positive,deepseek-flash
240,positive,deepseek-flash
248,positive,deepseek-flash
237,positive,deepseek-flash
241,positive,deepseek-flash
245,positive,deepseek-flash
239,positive,deepseek-flash
242,positive,deepseek-flash
267,positive,deepseek-flash
247,positive,deepseek-flash
246,positive,deepseek-flash
243,positive,deepseek-flash
258,positive,deepseek-flash
253,positive,deepseek-flash
249,positive,deepseek-flash
254,positive,deepseek-flash
251,positive,deepseek-flash
263,neutral,deepseek-flash
252,positive,deepseek-flash
257,positive,deepseek-flash
238,positive,deepseek-flash
250,positive,deepseek-flash
255,positive,deepseek-flash
260,positive,deepseek-flash
256,positive,deepseek-flash
262,positive,deepseek-flash
268,neutral,deepseek-flash
261,positive,deepseek-flash
266,positive,deepseek-flash
259,positive,deepseek-flash
264,positive,deepseek-flash
265,positive,deepseek-flash
288,neutral,deepseek-flash
279,positive,deepseek-flash
284,neutral,deepseek-flash
280,positive,deepseek-flash
271,positive,deepseek-flash
269,negative,deepseek-flash
270,positive,deepseek-flash
289,neutral,deepseek-flash
278,positive,deepseek-flash
276,neutral,deepseek-flash
274,positive,deepseek-flash
281,positive,deepseek-flash
277,positive,deepseek-flash
291,positive,deepseek-flash
272,positive,deepseek-flash
273,positive,deepseek-flash
287,positive,deepseek-flash
275,positive,deepseek-flash
285,neutral,deepseek-flash
298,positive,deepseek-flash
286,positive,deepseek-flash
290,positive,deepseek-flash
293,positive,deepseek-flash
282,positive,deepseek-flash
299,positive,deepseek-flash
300,positive,deepseek-flash
283,neutral,deepseek-flash
296,positive,deepseek-flash
294,neutral,deepseek-flash
292,positive,deepseek-flash
295,neutral,deepseek-flash
309,neutral,deepseek-flash
297,neutral,deepseek-flash
308,neutral,deepseek-flash
311,neutral,deepseek-flash
304,neutral,deepseek-flash
310,neutral,deepseek-flash
313,neutral,deepseek-flash
301,positive,deepseek-flash
318,neutral,deepseek-flash
316,positive,deepseek-flash
317,positive,deepseek-flash
321,positive,deepseek-flash
305,neutral,deepseek-flash
315,positive,deepseek-flash
324,positive,deepseek-flash
312,positive,deepseek-flash
307,positive,deepseek-flash
302,positive,deepseek-flash
306,positive,deepseek-flash
303,neutral,deepseek-flash
314,positive,deepseek-flash
326,positive,deepseek-flash
319,neutral,deepseek-flash
323,neutral,deepseek-flash
320,positive,deepseek-flash
330,positive,deepseek-flash
325,positive,deepseek-flash
322,positive,deepseek-flash
329,neutral,deepseek-flash
328,positive,deepseek-flash
336,neutral,deepseek-flash
337,positive,deepseek-flash
327,positive,deepseek-flash
335,positive,deepseek-flash
331,positive,deepseek-flash
338,positive,deepseek-flash
333,positive,deepseek-flash
344,neutral,deepseek-flash
348,positive,deepseek-flash
334,positive,deepseek-flash
341,positive,deepseek-flash
339,positive,deepseek-flash
347,positive,deepseek-flash
332,positive,deepseek-flash
342,positive,deepseek-flash
345,positive,deepseek-flash
340,positive,deepseek-flash
343,positive,deepseek-flash
346,positive,deepseek-flash
353,neutral,deepseek-flash
349,neutral,deepseek-flash
350,positive,deepseek-flash
351,positive,deepseek-flash
358,positive,deepseek-flash
356,positive,deepseek-flash
354,positive,deepseek-flash
352,positive,deepseek-flash
360,positive,deepseek-flash
359,positive,deepseek-flash
355,positive,deepseek-flash
357,positive,deepseek-flash
365,neutral,deepseek-flash
374,positive,deepseek-flash
375,positive,deepseek-flash
361,positive,deepseek-flash
364,positive,deepseek-flash
373,neutral,deepseek-flash
362,positive,deepseek-flash
363,positive,deepseek-flash
368,positive,deepseek-flash
367,neutral,deepseek-flash
372,positive,deepseek-flash
370,neutral,deepseek-flash
366,positive,deepseek-flash
371,positive,deepseek-flash
379,positive,deepseek-flash
369,positive,deepseek-flash
380,positive,deepseek-flash
376,positive,deepseek-flash
378,positive,deepseek-flash
388,neutral,deepseek-flash
377,positive,deepseek-flash
382,positive,deepseek-flash
386,neutral,deepseek-flash
389,neutral,deepseek-flash
381,positive,deepseek-flash
383,positive,deepseek-flash
384,neutral,deepseek-flash
387,neutral,deepseek-flash
385,positive,deepseek-flash
395,neutral,deepseek-flash
402,neutral,deepseek-flash
393,neutral,deepseek-flash
390,neutral,deepseek-flash
414,negative,deepseek-flash
406,neutral,deepseek-flash
408,neutral,deepseek-flash
392,neutral,deepseek-flash
397,neutral,deepseek-flash
396,neutral,deepseek-flash
391,neutral,deepseek-flash
407,neutral,deepseek-flash
398,neutral,deepseek-flash
399,neutral,deepseek-flash
401,neutral,deepseek-flash
405,neutral,deepseek-flash
403,neutral,deepseek-flash
394,neutral,deepseek-flash
409,neutral,deepseek-flash
415,neutral,deepseek-flash
404,neutral,deepseek-flash
413,neutral,deepseek-flash
400,neutral,deepseek-flash
418,neutral,deepseek-flash
410,neutral,deepseek-flash
419,neutral,deepseek-flash
412,neutral,deepseek-flash
411,neutral,deepseek-flash
416,neutral,deepseek-flash
440,positive,deepseek-flash
421,neutral,deepseek-flash
417,neutral,deepseek-flash
429,neutral,deepseek-flash
432,neutral,deepseek-flash
431,neutral,deepseek-flash
428,neutral,deepseek-flash
427,neutral,deepseek-flash
420,neutral,deepseek-flash
422,neutral,deepseek-flash
423,neutral,deepseek-flash
434,neutral,deepseek-flash
443,neutral,deepseek-flash
438,neutral,deepseek-flash
424,neutral,deepseek-flash
425,neutral,deepseek-flash
442,neutral,deepseek-flash
430,neutral,deepseek-flash
436,neutral,deepseek-flash
449,neutral,deepseek-flash
447,neutral,deepseek-flash
433,neutral,deepseek-flash
426,neutral,deepseek-flash
435,neutral,deepseek-flash
441,neutral,deepseek-flash
437,neutral,deepseek-flash
452,neutral,deepseek-flash
439,neutral,deepseek-flash
444,neutral,deepseek-flash
445,positive,deepseek-flash
448,neutral,deepseek-flash
453,neutral,deepseek-flash
446,neutral,deepseek-flash
451,neutral,deepseek-flash
456,neutral,deepseek-flash
458,neutral,deepseek-flash
463,neutral,deepseek-flash
455,neutral,deepseek-flash
450,neutral,deepseek-flash
454,neutral,deepseek-flash
465,neutral,deepseek-flash
468,positive,deepseek-flash
459,neutral,deepseek-flash
457,neutral,deepseek-flash
462,positive,deepseek-flash
472,neutral,deepseek-flash
467,neutral,deepseek-flash
466,neutral,deepseek-flash
460,neutral,deepseek-flash
461,neutral,deepseek-flash
475,neutral,deepseek-flash
473,neutral,deepseek-flash
476,neutral,deepseek-flash
464,neutral,deepseek-flash
469,neutral,deepseek-flash
470,neutral,deepseek-flash
474,neutral,deepseek-flash
481,neutral,deepseek-flash
471,neutral,deepseek-flash
485,positive,deepseek-flash
477,neutral,deepseek-flash
479,neutral,deepseek-flash
478,neutral,deepseek-flash
482,neutral,deepseek-flash
498,neutral,deepseek-flash
490,neutral,deepseek-flash
483,neutral,deepseek-flash
497,neutral,deepseek-flash
487,neutral,deepseek-flash
480,neutral,deepseek-flash
486,neutral,deepseek-flash
489,neutral,deepseek-flash
484,neutral,deepseek-flash
509,neutral,deepseek-flash
507,neutral,deepseek-flash
488,neutral,deepseek-flash
496,neutral,deepseek-flash
494,positive,deepseek-flash
491,positive,deepseek-flash
493,neutral,deepseek-flash
492,neutral,deepseek-flash
495,neutral,deepseek-flash
501,neutral,deepseek-flash
499,neutral,deepseek-flash
504,neutral,deepseek-flash
503,neutral,deepseek-flash
513,neutral,deepseek-flash
500,neutral,deepseek-flash
505,neutral,deepseek-flash
510,neutral,deepseek-flash
508,neutral,deepseek-flash
512,neutral,deepseek-flash
506,neutral,deepseek-flash
511,neutral,deepseek-flash
514,neutral,deepseek-flash
502,neutral,deepseek-flash
516,neutral,deepseek-flash
524,neutral,deepseek-flash
515,neutral,deepseek-flash
517,neutral,deepseek-flash
525,neutral,deepseek-flash
521,neutral,deepseek-flash
519,neutral,deepseek-flash
520,neutral,deepseek-flash
528,neutral,deepseek-flash
531,neutral,deepseek-flash
523,neutral,deepseek-flash
522,neutral,deepseek-flash
518,positive,deepseek-flash
530,neutral,deepseek-flash
527,neutral,deepseek-flash
529,neutral,deepseek-flash
526,neutral,deepseek-flash
534,positive,deepseek-flash
533,neutral,deepseek-flash
532,neutral,deepseek-flash
535,neutral,deepseek-flash
536,neutral,deepseek-flash
538,negative,deepseek-flash
552,neutral,deepseek-flash
544,positive,deepseek-flash
537,positive,deepseek-flash
543,negative,deepseek-flash
539,neutral,deepseek-flash
546,neutral,deepseek-flash
545,neutral,deepseek-flash
540,positive,deepseek-flash
554,neutral,deepseek-flash
541,negative,deepseek-flash
547,positive,deepseek-flash
549,positive,deepseek-flash
551,neutral,deepseek-flash
548,positive,deepseek-flash
555,neutral,deepseek-flash
561,neutral,deepseek-flash
553,neutral,deepseek-flash
568,neutral,deepseek-flash
559,positive,deepseek-flash
557,neutral,deepseek-flash
542,negative,deepseek-flash
550,positive,deepseek-flash
560,positive,deepseek-flash
556,positive,deepseek-flash
571,neutral,deepseek-flash
562,neutral,deepseek-flash
558,positive,deepseek-flash
570,neutral,deepseek-flash
565,positive,deepseek-flash
563,positive,deepseek-flash
577,neutral,deepseek-flash
564,positive,deepseek-flash
566,neutral,deepseek-flash
575,neutral,deepseek-flash
578,neutral,deepseek-flash
569,neutral,deepseek-flash
573,neutral,deepseek-flash
567,neutral,deepseek-flash
574,neutral,deepseek-flash
584,positive,deepseek-flash
585,positive,deepseek-flash
572,neutral,deepseek-flash
576,neutral,deepseek-flash
579,positive,deepseek-flash
581,neutral,deepseek-flash
589,positive,deepseek-flash
586,neutral,deepseek-flash
582,positive,deepseek-flash
587,positive,deepseek-flash
583,positive,deepseek-flash
580,neutral,deepseek-flash
593,positive,deepseek-flash
591,neutral,deepseek-flash
598,neutral,deepseek-flash
594,positive,deepseek-flash
590,positive,deepseek-flash
588,positive,deepseek-flash
595,positive,deepseek-flash
599,neutral,deepseek-flash
606,neutral,deepseek-flash
592,neutral,deepseek-flash
597,positive,deepseek-flash
617,positive,deepseek-flash
602,positive,deepseek-flash
601,positive,deepseek-flash
603,neutral,deepseek-flash
596,positive,deepseek-flash
614,neutral,deepseek-flash
618,neutral,deepseek-flash
612,neutral,deepseek-flash
615,neutral,deepseek-flash
607,positive,deepseek-flash
608,positive,deepseek-flash
605,positive,deepseek-flash
610,neutral,deepseek-flash
604,positive,deepseek-flash
609,neutral,deepseek-flash
600,positive,deepseek-flash
613,positive,deepseek-flash
616,neutral,deepseek-flash
620,neutral,deepseek-flash
623,neutral,deepseek-flash
621,neutral,deepseek-flash
626,neutral,deepseek-flash
611,positive,deepseek-flash
624,neutral,deepseek-flash
622,neutral,deepseek-flash
619,neutral,deepseek-flash
625,neutral,deepseek-flash
644,positive,deepseek-flash
640,positive,deepseek-flash
631,positive,deepseek-flash
628,neutral,deepseek-flash
627,neutral,deepseek-flash
630,positive,deepseek-flash
629,positive,deepseek-flash
632,positive,deepseek-flash
634,neutral,deepseek-flash
636,neutral,deepseek-flash
637,positive,deepseek-flash
638,positive,deepseek-flash
641,positive,deepseek-flash
635,neutral,deepseek-flash
647,positive,deepseek-flash
649,positive,deepseek-flash
639,positive,deepseek-flash
643,positive,deepseek-flash
633,neutral,deepseek-flash
650,positive,deepseek-flash
642,positive,deepseek-flash
645,positive,deepseek-flash
646,positive,deepseek-flash
658,positive,deepseek-flash
648,positive,deepseek-flash
662,positive,deepseek-flash
656,positive,deepseek-flash
652,positive,deepseek-flash
654,positive,deepseek-flash
657,positive,deepseek-flash
655,positive,deepseek-flash
661,neutral,deepseek-flash
666,negative,deepseek-flash
678,negative,deepseek-flash
679,negative,deepseek-flash
651,positive,deepseek-flash
653,positive,deepseek-flash
659,positive,deepseek-flash
669,negative,deepseek-flash
660,neutral,deepseek-flash
663,positive,deepseek-flash
668,negative,deepseek-flash
673,negative,deepseek-flash
672,negative,deepseek-flash
670,negative,deepseek-flash
671,negative,deepseek-flash
677,negative,deepseek-flash
675,negative,deepseek-flash
680,negative,deepseek-flash
667,neutral,deepseek-flash
664,neutral,deepseek-flash
674,negative,deepseek-flash
676,negative,deepseek-flash
687,positive,deepseek-flash
682,negative,deepseek-flash
689,positive,deepseek-flash
665,neutral,deepseek-flash
681,negative,deepseek-flash
684,neutral,deepseek-flash
692,neutral,deepseek-flash
683,negative,deepseek-flash
686,neutral,deepseek-flash
703,neutral,deepseek-flash
685,positive,deepseek-flash
698,positive,deepseek-flash
694,neutral,deepseek-flash
701,positive,deepseek-flash
691,positive,deepseek-flash
693,neutral,deepseek-flash
688,positive,deepseek-flash
696,negative,deepseek-flash
695,negative,deepseek-flash
690,positive,deepseek-flash
697,negative,deepseek-flash
707,neutral,deepseek-flash
699,negative,deepseek-flash
705,positive,deepseek-flash
706,neutral,deepseek-flash
711,negative,deepseek-flash
710,positive,deepseek-flash
700,positive,deepseek-flash
702,positive,deepseek-flash
718,positive,deepseek-flash
720,positive,deepseek-flash
708,positive,deepseek-flash
709,neutral,deepseek-flash
704,positive,deepseek-flash
712,neutral,deepseek-flash
716,positive,deepseek-flash
713,positive,deepseek-flash
715,positive,deepseek-flash
722,positive,deepseek-flash
721,positive,deepseek-flash
714,positive,deepseek-flash
732,neutral,deepseek-flash
717,positive,deepseek-flash
725,neutral,deepseek-flash
739,positive,deepseek-flash
723,positive,deepseek-flash
726,positive,deepseek-flash
719,positive,deepseek-flash
733,negative,deepseek-flash
724,neutral,deepseek-flash
729,neutral,deepseek-flash
727,positive,deepseek-flash
731,negative,deepseek-flash
734,negative,deepseek-flash
742,neutral,deepseek-flash
736,positive,deepseek-flash
730,negative,deepseek-flash
728,positive,deepseek-flash
743,neutral,deepseek-flash
738,positive,deepseek-flash
740,positive,deepseek-flash
735,negative,deepseek-flash
737,neutral,deepseek-flash
755,positive,deepseek-flash
747,positive,deepseek-flash
750,positive,deepseek-flash
741,positive,deepseek-flash
745,neutral,deepseek-flash
760,neutral,deepseek-flash
744,positive,deepseek-flash
746,neutral,deepseek-flash
749,neutral,deepseek-flash
754,positive,deepseek-flash
756,neutral,deepseek-flash
751,positive,deepseek-flash
758,positive,deepseek-flash
757,positive,deepseek-flash
753,positive,deepseek-flash
748,neutral,deepseek-flash
766,positive,deepseek-flash
769,positive,deepseek-flash
772,positive,deepseek-flash
752,positive,deepseek-flash
771,positive,deepseek-flash
777,positive,deepseek-flash
761,positive,deepseek-flash
762,positive,deepseek-flash
763,positive,deepseek-flash
764,neutral,deepseek-flash
759,neutral,deepseek-flash
767,positive,deepseek-flash
785,positive,deepseek-flash
770,positive,deepseek-flash
765,neutral,deepseek-flash
778,positive,deepseek-flash
775,positive,deepseek-flash
768,positive,deepseek-flash
773,positive,deepseek-flash
774,positive,deepseek-flash
788,neutral,deepseek-flash
779,positive,deepseek-flash
781,positive,deepseek-flash
787,neutral,deepseek-flash
776,positive,deepseek-flash
784,neutral,deepseek-flash
780,neutral,deepseek-flash
786,neutral,deepseek-flash
794,neutral,deepseek-flash
783,neutral,deepseek-flash
792,positive,deepseek-flash
782,positive,deepseek-flash
790,positive,deepseek-flash
791,neutral,deepseek-flash
793,neutral,deepseek-flash
799,positive,deepseek-flash
803,neutral,deepseek-flash
789,neutral,deepseek-flash
797,neutral,deepseek-flash
798,neutral,deepseek-flash
796,positive,deepseek-flash
802,positive,deepseek-flash
801,positive,deepseek-flash
795,positive,deepseek-flash
800,neutral,deepseek-flash
808,positive,deepseek-flash
807,neutral,deepseek-flash
806,positive,deepseek-flash
805,neutral,deepseek-flash
804,neutral,deepseek-flash
809,neutral,deepseek-flash
817,neutral,deepseek-flash
819,positive,deepseek-flash
818,neutral,deepseek-flash
815,positive,deepseek-flash
822,neutral,deepseek-flash
811,positive,deepseek-flash
814,positive,deepseek-flash
813,neutral,deepseek-flash
812,positive,deepseek-flash
810,positive,deepseek-flash
816,neutral,deepseek-flash
821,positive,deepseek-flash
820,neutral,deepseek-flash
824,positive,deepseek-flash
837,positive,deepseek-flash
843,neutral,deepseek-flash
840,positive,deepseek-flash
830,neutral,deepseek-flash
836,neutral,deepseek-flash
828,positive,deepseek-flash
827,neutral,deepseek-flash
825,positive,deepseek-flash
831,positive,deepseek-flash
845,neutral,deepseek-flash
829,positive,deepseek-flash
823,neutral,deepseek-flash
839,neutral,deepseek-flash
826,positive,deepseek-flash
841,positive,deepseek-flash
838,neutral,deepseek-flash
832,positive,deepseek-flash
847,positive,deepseek-flash
834,positive,deepseek-flash
835,positive,deepseek-flash
848,neutral,deepseek-flash
833,positive,deepseek-flash
851,neutral,deepseek-flash
853,neutral,deepseek-flash
842,neutral,deepseek-flash
844,neutral,deepseek-flash
854,positive,deepseek-flash
846,neutral,deepseek-flash
849,neutral,deepseek-flash
865,neutral,deepseek-flash
867,neutral,deepseek-flash
860,positive,deepseek-flash
852,positive,deepseek-flash
855,neutral,deepseek-flash
861,neutral,deepseek-flash
868,positive,deepseek-flash
863,neutral,deepseek-flash
857,neutral,deepseek-flash
850,neutral,deepseek-flash
859,positive,deepseek-flash
858,positive,deepseek-flash
875,positive,deepseek-flash
869,positive,deepseek-flash
856,neutral,deepseek-flash
871,neutral,deepseek-flash
862,neutral,deepseek-flash
873,positive,deepseek-flash
876,positive,deepseek-flash
880,neutral,deepseek-flash
864,neutral,deepseek-flash
874,positive,deepseek-flash
878,neutral,deepseek-flash
870,positive,deepseek-flash
879,positive,deepseek-flash
881,positive,deepseek-flash
884,positive,deepseek-flash
877,positive,deepseek-flash
866,positive,deepseek-flash
883,neutral,deepseek-flash
882,positive,deepseek-flash
887,positive,deepseek-flash
893,neutral,deepseek-flash
885,positive,deepseek-flash
888,positive,deepseek-flash
911,neutral,deepseek-flash
886,positive,deepseek-flash
901,neutral,deepseek-flash
890,neutral,deepseek-flash
896,neutral,deepseek-flash
912,positive,deepseek-flash
891,positive,deepseek-flash
892,neutral,deepseek-flash
889,positive,deepseek-flash
910,positive,deepseek-flash
902,positive,deepseek-flash
906,positive,deepseek-flash
898,positive,deepseek-flash
894,positive,deepseek-flash
895,neutral,deepseek-flash
897,neutral,deepseek-flash
909,neutral,deepseek-flash
905,neutral,deepseek-flash
908,neutral,deepseek-flash
904,neutral,deepseek-flash
899,positive,deepseek-flash
900,neutral,deepseek-flash
903,neutral,deepseek-flash
916,positive,deepseek-flash
913,neutral,deepseek-flash
907,neutral,deepseek-flash
915,neutral,deepseek-flash
914,neutral,deepseek-flash
923,positive,deepseek-flash
933,positive,deepseek-flash
872,neutral,deepseek-flash
926,positive,deepseek-flash
917,neutral,deepseek-flash
918,positive,deepseek-flash
922,neutral,deepseek-flash
939,positive,deepseek-flash
920,positive,deepseek-flash
924,neutral,deepseek-flash
929,neutral,deepseek-flash
919,neutral,deepseek-flash
921,positive,deepseek-flash
935,positive,deepseek-flash
932,positive,deepseek-flash
928,positive,deepseek-flash
925,neutral,deepseek-flash
927,positive,deepseek-flash
934,positive,deepseek-flash
936,positive,deepseek-flash
941,positive,deepseek-flash
937,neutral,deepseek-flash
938,neutral,deepseek-flash
946,positive,deepseek-flash
930,neutral,deepseek-flash
943,positive,deepseek-flash
931,positive,deepseek-flash
940,positive,deepseek-flash
942,neutral,deepseek-flash
944,positive,deepseek-flash
945,positive,deepseek-flash
950,positive,deepseek-flash
948,positive,deepseek-flash
957,positive,deepseek-flash
947,neutral,deepseek-flash
971,neutral,deepseek-flash
949,neutral,deepseek-flash
964,positive,deepseek-flash
952,positive,deepseek-flash
967,positive,deepseek-flash
959,positive,deepseek-flash
976,neutral,deepseek-flash
951,neutral,deepseek-flash
955,neutral,deepseek-flash
956,positive,deepseek-flash
953,neutral,deepseek-flash
954,positive,deepseek-flash
958,positive,deepseek-flash
966,neutral,deepseek-flash
965,positive,deepseek-flash
960,positive,deepseek-flash
962,neutral,deepseek-flash
961,positive,deepseek-flash
963,neutral,deepseek-flash
969,neutral,deepseek-flash
968,positive,deepseek-flash
973,neutral,deepseek-flash
972,neutral,deepseek-flash
970,neutral,deepseek-flash
974,positive,deepseek-flash
980,positive,deepseek-flash
975,positive,deepseek-flash
983,positive,deepseek-flash
978,neutral,deepseek-flash
977,positive,deepseek-flash
979,neutral,deepseek-flash
1003,neutral,deepseek-flash
981,positive,deepseek-flash
982,positive,deepseek-flash
990,positive,deepseek-flash
992,neutral,deepseek-flash
984,neutral,deepseek-flash
985,positive,deepseek-flash
996,neutral,deepseek-flash
988,neutral,deepseek-flash
993,positive,deepseek-flash
986,positive,deepseek-flash
989,neutral,deepseek-flash
987,neutral,deepseek-flash
991,positive,deepseek-flash
1000,neutral,deepseek-flash
1009,neutral,deepseek-flash
998,neutral,deepseek-flash
994,neutral,deepseek-flash
995,positive,deepseek-flash
999,neutral,deepseek-flash
1008,neutral,deepseek-flash
1002,neutral,deepseek-flash
1001,neutral,deepseek-flash
1004,positive,deepseek-flash
1011,neutral,deepseek-flash
997,positive,deepseek-flash
1005,neutral,deepseek-flash
1006,neutral,deepseek-flash
1007,neutral,deepseek-flash
1014,neutral,deepseek-flash
1010,negative,deepseek-flash
1017,positive,deepseek-flash
1019,neutral,deepseek-flash
1016,neutral,deepseek-flash
1025,neutral,deepseek-flash
1013,neutral,deepseek-flash
1012,neutral,deepseek-flash
1022,neutral,deepseek-flash
1020,neutral,deepseek-flash
1018,neutral,deepseek-flash
1015,neutral,deepseek-flash
1021,neutral,deepseek-flash
1038,positive,deepseek-flash
1026,neutral,deepseek-flash
1028,neutral,deepseek-flash
1024,neutral,deepseek-flash
1023,neutral,deepseek-flash
1031,neutral,deepseek-flash
1030,neutral,deepseek-flash
1027,neutral,deepseek-flash
1029,neutral,deepseek-flash
1036,neutral,deepseek-flash
1035,positive,deepseek-flash
1033,neutral,deepseek-flash
1042,neutral,deepseek-flash
1034,neutral,deepseek-flash
1032,neutral,deepseek-flash
1045,neutral,deepseek-flash
1039,neutral,deepseek-flash
1040,neutral,deepseek-flash
1037,neutral,deepseek-flash
1049,neutral,deepseek-flash
1041,neutral,deepseek-flash
1043,neutral,deepseek-flash
1053,neutral,deepseek-flash
1047,neutral,deepseek-flash
1048,neutral,deepseek-flash
1056,neutral,deepseek-flash
1068,neutral,deepseek-flash
1067,neutral,deepseek-flash
1065,positive,deepseek-flash
1062,neutral,deepseek-flash
1055,neutral,deepseek-flash
1058,neutral,deepseek-flash
1054,neutral,deepseek-flash
1044,neutral,deepseek-flash
1051,neutral,deepseek-flash
1046,neutral,deepseek-flash
1050,neutral,deepseek-flash
1063,neutral,deepseek-flash
1069,neutral,deepseek-flash
1052,neutral,deepseek-flash
1059,neutral,deepseek-flash
1057,neutral,deepseek-flash
1060,neutral,deepseek-flash
1073,neutral,deepseek-flash
1061,neutral,deepseek-flash
1066,neutral,deepseek-flash
1074,neutral,deepseek-flash
1070,neutral,deepseek-flash
1075,neutral,deepseek-flash
1071,neutral,deepseek-flash
1082,neutral,deepseek-flash
1080,neutral,deepseek-flash
1081,negative,deepseek-flash
1077,neutral,deepseek-flash
1072,neutral,deepseek-flash
1076,neutral,deepseek-flash
1078,neutral,deepseek-flash
1084,neutral,deepseek-flash
1094,neutral,deepseek-flash
1079,neutral,deepseek-flash
1095,neutral,deepseek-flash
1064,neutral,deepseek-flash
1089,neutral,deepseek-flash
1085,positive,deepseek-flash
1083,neutral,deepseek-flash
1090,neutral,deepseek-flash
1092,neutral,deepseek-flash
1091,neutral,deepseek-flash
1087,neutral,deepseek-flash
1088,neutral,deepseek-flash
1093,neutral,deepseek-flash
1101,neutral,deepseek-flash
1096,neutral,deepseek-flash
1086,positive,deepseek-flash
1097,neutral,deepseek-flash
1098,neutral,deepseek-flash
1099,positive,deepseek-flash
1100,neutral,deepseek-flash
1118,neutral,deepseek-flash
1102,neutral,deepseek-flash
1110,neutral,deepseek-flash
1104,neutral,deepseek-flash
1107,neutral,deepseek-flash
1109,neutral,deepseek-flash
1112,neutral,deepseek-flash
1103,neutral,deepseek-flash
1105,neutral,deepseek-flash
1108,neutral,deepseek-flash
1111,neutral,deepseek-flash
1106,neutral,deepseek-flash
1125,neutral,deepseek-flash
1119,neutral,deepseek-flash
1120,neutral,deepseek-flash
1114,neutral,deepseek-flash
1122,negative,deepseek-flash
1115,neutral,deepseek-flash
1116,neutral,deepseek-flash
1121,neutral,deepseek-flash
1113,neutral,deepseek-flash
1124,neutral,deepseek-flash
1129,neutral,deepseek-flash
1117,neutral,deepseek-flash
1123,neutral,deepseek-flash
1132,neutral,deepseek-flash
1127,neutral,deepseek-flash
1131,neutral,deepseek-flash
1130,neutral,deepseek-flash
1147,negative,deepseek-flash
1128,neutral,deepseek-flash
1126,neutral,deepseek-flash
1136,neutral,deepseek-flash
1133,neutral,deepseek-flash
1139,neutral,deepseek-flash
1137,neutral,deepseek-flash
1151,neutral,deepseek-flash
1134,neutral,deepseek-flash
1144,neutral,deepseek-flash
1141,neutral,deepseek-flash
1135,neutral,deepseek-flash
1140,neutral,deepseek-flash
1142,neutral,deepseek-flash
1152,neutral,deepseek-flash
1143,neutral,deepseek-flash
1146,neutral,deepseek-flash
1145,negative,deepseek-flash
1158,neutral,deepseek-flash
1149,neutral,deepseek-flash
1148,neutral,deepseek-flash
1138,neutral,deepseek-flash
1150,neutral,deepseek-flash
1153,neutral,deepseek-flash
1157,neutral,deepseek-flash
1165,neutral,deepseek-flash
1156,neutral,deepseek-flash
1161,neutral,deepseek-flash
1154,negative,deepseek-flash
1164,neutral,deepseek-flash
1160,neutral,deepseek-flash
1159,neutral,deepseek-flash
1155,neutral,deepseek-flash
1162,neutral,deepseek-flash
1163,neutral,deepseek-flash
1167,neutral,deepseek-flash
1166,neutral,deepseek-flash
1173,positive,deepseek-flash
1170,neutral,deepseek-flash
1168,positive,deepseek-flash
1175,neutral,deepseek-flash
1169,neutral,deepseek-flash
1171,neutral,deepseek-flash
1181,neutral,deepseek-flash
1178,neutral,deepseek-flash
1172,neutral,deepseek-flash
1182,neutral,deepseek-flash
1183,neutral,deepseek-flash
1176,negative,deepseek-flash
1189,neutral,deepseek-flash
1177,neutral,deepseek-flash
1174,neutral,deepseek-flash
1180,neutral,deepseek-flash
1184,neutral,deepseek-flash
1193,neutral,deepseek-flash
1187,neutral,deepseek-flash
1179,neutral,deepseek-flash
1191,neutral,deepseek-flash
1186,neutral,deepseek-flash
1185,neutral,deepseek-flash
1194,neutral,deepseek-flash
1190,neutral,deepseek-flash
1188,neutral,deepseek-flash
1198,neutral,deepseek-flash
1196,neutral,deepseek-flash
1192,neutral,deepseek-flash
1203,neutral,deepseek-flash
1195,neutral,deepseek-flash
1206,neutral,deepseek-flash
1200,neutral,deepseek-flash
1197,neutral,deepseek-flash
1199,neutral,deepseek-flash
1202,positive,deepseek-flash
1201,neutral,deepseek-flash
1204,neutral,deepseek-flash
1216,neutral,deepseek-flash
1209,neutral,deepseek-flash
1207,neutral,deepseek-flash
1208,neutral,deepseek-flash
1210,neutral,deepseek-flash
1211,neutral,deepseek-flash
1205,neutral,deepseek-flash
1222,neutral,deepseek-flash
1212,neutral,deepseek-flash
1213,neutral,deepseek-flash
1215,neutral,deepseek-flash
1214,neutral,deepseek-flash
1225,neutral,deepseek-flash
1218,neutral,deepseek-flash
1219,neutral,deepseek-flash
1220,neutral,deepseek-flash
1217,neutral,deepseek-flash
1221,neutral,deepseek-flash
1224,neutral,deepseek-flash
1223,neutral,deepseek-flash
1233,neutral,deepseek-flash
1226,neutral,deepseek-flash
1230,neutral,deepseek-flash
1227,neutral,deepseek-flash
1228,neutral,deepseek-flash
1235,neutral,deepseek-flash
1229,neutral,deepseek-flash
1234,neutral,deepseek-flash
1231,neutral,deepseek-flash
1236,neutral,deepseek-flash
1237,neutral,deepseek-flash
1232,neutral,deepseek-flash
1241,neutral,deepseek-flash
1238,neutral,deepseek-flash
1242,neutral,deepseek-flash
1240,neutral,deepseek-flash
1239,neutral,deepseek-flash
1243,neutral,deepseek-flash
1244,neutral,deepseek-flash
1246,neutral,deepseek-flash
1245,neutral,deepseek-flash
1251,positive,deepseek-flash
1248,neutral,deepseek-flash
1254,neutral,deepseek-flash
1250,neutral,deepseek-flash
1252,neutral,deepseek-flash
1247,neutral,deepseek-flash
1249,neutral,deepseek-flash
1253,neutral,deepseek-flash
1255,neutral,deepseek-flash
1257,neutral,deepseek-flash
1256,neutral,deepseek-flash
1259,neutral,deepseek-flash
1258,neutral,deepseek-flash
1260,neutral,deepseek-flash
1261,positive,deepseek-flash
1263,neutral,deepseek-flash
1262,neutral,deepseek-flash
1264,neutral,deepseek-flash
1267,neutral,deepseek-flash
1265,neutral,deepseek-flash
1266,neutral,deepseek-flash
1270,neutral,deepseek-flash
1268,neutral,deepseek-flash
1269,neutral,deepseek-flash
1271,neutral,deepseek-flash
1272,neutral,deepseek-flash
1276,neutral,deepseek-flash
1275,neutral,deepseek-flash
1285,neutral,deepseek-flash
1280,neutral,deepseek-flash
1278,neutral,deepseek-flash
1279,neutral,deepseek-flash
1273,neutral,deepseek-flash
1277,neutral,deepseek-flash
1282,neutral,deepseek-flash
1284,neutral,deepseek-flash
1286,neutral,deepseek-flash
1283,neutral,deepseek-flash
1281,neutral,deepseek-flash
1274,neutral,deepseek-flash
1287,neutral,deepseek-flash
1288,neutral,deepseek-flash
1289,neutral,deepseek-flash
1290,neutral,deepseek-flash
1291,neutral,deepseek-flash
1292,neutral,deepseek-flash
1295,neutral,deepseek-flash
1294,neutral,deepseek-flash
1299,neutral,deepseek-flash
1296,neutral,deepseek-flash
1300,neutral,deepseek-flash
1298,positive,deepseek-flash
1297,neutral,deepseek-flash
1293,neutral,deepseek-flash
1302,neutral,deepseek-flash
1317,neutral,deepseek-flash
1304,neutral,deepseek-flash
1303,neutral,deepseek-flash
1305,neutral,deepseek-flash
1309,neutral,deepseek-flash
1308,neutral,deepseek-flash
1314,neutral,deepseek-flash
1313,neutral,deepseek-flash
1311,neutral,deepseek-flash
1316,neutral,deepseek-flash
1310,neutral,deepseek-flash
1307,neutral,deepseek-flash
1318,neutral,deepseek-flash
1301,neutral,deepseek-flash
1315,neutral,deepseek-flash
1312,neutral,deepseek-flash
1320,neutral,deepseek-flash
1319,neutral,deepseek-flash
1321,neutral,deepseek-flash
1324,neutral,deepseek-flash
1322,neutral,deepseek-flash
1323,neutral,deepseek-flash
1325,neutral,deepseek-flash
1326,neutral,deepseek-flash
1306,neutral,deepseek-flash
1327,neutral,deepseek-flash
1328,neutral,deepseek-flash
1331,neutral,deepseek-flash
1329,neutral,deepseek-flash
1333,neutral,deepseek-flash
1335,neutral,deepseek-flash
1334,neutral,deepseek-flash
1336,neutral,deepseek-flash
1337,neutral,deepseek-flash
1338,neutral,deepseek-flash
1339,neutral,deepseek-flash
1330,neutral,deepseek-flash
1332,neutral,deepseek-flash
1342,neutral,deepseek-flash
1346,neutral,deepseek-flash
1344,neutral,deepseek-flash
1345,neutral,deepseek-flash
1340,neutral,deepseek-flash
1349,neutral,deepseek-flash
1343,neutral,deepseek-flash
1347,neutral,deepseek-flash
1341,neutral,deepseek-flash
1348,neutral,deepseek-flash
1354,neutral,deepseek-flash
1351,neutral,deepseek-flash
1352,neutral,deepseek-flash
1350,neutral,deepseek-flash
1355,neutral,deepseek-flash
1353,neutral,deepseek-flash
1360,negative,deepseek-flash
1358,neutral,deepseek-flash
1359,neutral,deepseek-flash
1361,neutral,deepseek-flash
1356,neutral,deepseek-flash
1363,neutral,deepseek-flash
1357,neutral,deepseek-flash
1364,neutral,deepseek-flash
1366,neutral,deepseek-flash
1365,neutral,deepseek-flash
1362,neutral,deepseek-flash
1374,neutral,deepseek-flash
1371,neutral,deepseek-flash
1372,neutral,deepseek-flash
1368,neutral,deepseek-flash
1369,neutral,deepseek-flash
1379,neutral,deepseek-flash
1380,neutral,deepseek-flash
1381,neutral,deepseek-flash
1367,neutral,deepseek-flash
1370,neutral,deepseek-flash
1377,neutral,deepseek-flash
1382,neutral,deepseek-flash
1376,neutral,deepseek-flash
1375,neutral,deepseek-flash
1378,neutral,deepseek-flash
1384,neutral,deepseek-flash
1383,neutral,deepseek-flash
1373,neutral,deepseek-flash
1387,neutral,deepseek-flash
1385,neutral,deepseek-flash
1386,neutral,deepseek-flash
1391,neutral,deepseek-flash
1388,neutral,deepseek-flash
1390,neutral,deepseek-flash
1392,neutral,deepseek-flash
1389,neutral,deepseek-flash
1396,neutral,deepseek-flash
1395,neutral,deepseek-flash
1394,neutral,deepseek-flash
1397,neutral,deepseek-flash
1398,neutral,deepseek-flash
1403,neutral,deepseek-flash
1393,neutral,deepseek-flash
1400,neutral,deepseek-flash
1406,positive,deepseek-flash
1399,neutral,deepseek-flash
1402,neutral,deepseek-flash
1404,neutral,deepseek-flash
1410,neutral,deepseek-flash
1412,neutral,deepseek-flash
1409,neutral,deepseek-flash
1413,neutral,deepseek-flash
1407,positive,deepseek-flash
1418,neutral,deepseek-flash
1415,neutral,deepseek-flash
1405,neutral,deepseek-flash
1417,neutral,deepseek-flash
1401,neutral,deepseek-flash
1419,neutral,deepseek-flash
1420,neutral,deepseek-flash
1423,neutral,deepseek-flash
1414,neutral,deepseek-flash
1427,neutral,deepseek-flash
1426,neutral,deepseek-flash
1421,neutral,deepseek-flash
1425,neutral,deepseek-flash
1422,neutral,deepseek-flash
1408,neutral,deepseek-flash
1416,neutral,deepseek-flash
1429,neutral,deepseek-flash
1431,neutral,deepseek-flash
1411,neutral,deepseek-flash
1432,neutral,deepseek-flash
1434,neutral,deepseek-flash
1437,neutral,deepseek-flash
1435,neutral,deepseek-flash
1436,neutral,deepseek-flash
1428,neutral,deepseek-flash
1433,neutral,deepseek-flash
1439,neutral,deepseek-flash
1440,neutral,deepseek-flash
1438,neutral,deepseek-flash
1430,neutral,deepseek-flash
1442,neutral,deepseek-flash
1448,neutral,deepseek-flash
1443,neutral,deepseek-flash
1452,neutral,deepseek-flash
1446,neutral,deepseek-flash
1451,neutral,deepseek-flash
1445,neutral,deepseek-flash
1444,neutral,deepseek-flash
1424,neutral,deepseek-flash
1447,neutral,deepseek-flash
1441,neutral,deepseek-flash
1450,neutral,deepseek-flash
1458,neutral,deepseek-flash
1449,neutral,deepseek-flash
1457,neutral,deepseek-flash
1454,neutral,deepseek-flash
1455,neutral,deepseek-flash
1456,neutral,deepseek-flash
1459,positive,deepseek-flash
1462,neutral,deepseek-flash
1460,neutral,deepseek-flash
1463,neutral,deepseek-flash
1461,neutral,deepseek-flash
1466,neutral,deepseek-flash
1465,neutral,deepseek-flash
1467,neutral,deepseek-flash
1453,neutral,deepseek-flash
1468,neutral,deepseek-flash
1470,neutral,deepseek-flash
1469,neutral,deepseek-flash
1464,neutral,deepseek-flash
1472,neutral,deepseek-flash
1471,neutral,deepseek-flash
1474,neutral,deepseek-flash
1473,neutral,deepseek-flash
1476,neutral,deepseek-flash
1475,neutral,deepseek-flash
1478,positive,deepseek-flash
1477,neutral,deepseek-flash
1482,neutral,deepseek-flash
1481,neutral,deepseek-flash
1483,neutral,deepseek-flash
1480,neutral,deepseek-flash
1484,neutral,deepseek-flash
1485,neutral,deepseek-flash
1479,neutral,deepseek-flash
1486,neutral,deepseek-flash
1489,neutral,deepseek-flash
1487,neutral,deepseek-flash
1488,neutral,deepseek-flash
1491,neutral,deepseek-flash
1493,neutral,deepseek-flash
1490,neutral,deepseek-flash
1492,neutral,deepseek-flash
1496,negative,deepseek-flash
1497,neutral,deepseek-flash
1494,neutral,deepseek-flash
1499,neutral,deepseek-flash
1495,neutral,deepseek-flash
1498,neutral,deepseek-flash
1502,positive,deepseek-flash
1500,neutral,deepseek-flash
1503,neutral,deepseek-flash
1501,neutral,deepseek-flash
1504,neutral,deepseek-flash
1506,neutral,deepseek-flash
1505,neutral,deepseek-flash
1507,neutral,deepseek-flash
1508,neutral,deepseek-flash
1509,neutral,deepseek-flash
1512,neutral,deepseek-flash
1510,neutral,deepseek-flash
1515,neutral,deepseek-flash
1511,neutral,deepseek-flash
1514,neutral,deepseek-flash
1516,neutral,deepseek-flash
1520,positive,deepseek-flash
1513,neutral,deepseek-flash
1518,neutral,deepseek-flash
1521,negative,deepseek-flash
1524,neutral,deepseek-flash
1519,neutral,deepseek-flash
1523,neutral,deepseek-flash
1517,neutral,deepseek-flash
1522,neutral,deepseek-flash
1525,neutral,deepseek-flash
1527,neutral,deepseek-flash
1530,neutral,deepseek-flash
1526,neutral,deepseek-flash
1529,neutral,deepseek-flash
1528,neutral,deepseek-flash
1532,neutral,deepseek-flash
1531,neutral,deepseek-flash
1535,neutral,deepseek-flash
1534,neutral,deepseek-flash
1536,neutral,deepseek-flash
1533,neutral,deepseek-flash
1540,neutral,deepseek-flash
1538,neutral,deepseek-flash
1547,neutral,deepseek-flash
1541,neutral,deepseek-flash
1539,neutral,deepseek-flash
1544,neutral,deepseek-flash
1542,neutral,deepseek-flash
1537,neutral,deepseek-flash
1546,neutral,deepseek-flash
1545,neutral,deepseek-flash
1548,neutral,deepseek-flash
1550,neutral,deepseek-flash
1543,neutral,deepseek-flash
1551,neutral,deepseek-flash
1552,neutral,deepseek-flash
1555,neutral,deepseek-flash
1549,neutral,deepseek-flash
1554,neutral,deepseek-flash
1553,neutral,deepseek-flash
1557,neutral,deepseek-flash
1556,neutral,deepseek-flash
1561,neutral,deepseek-flash
1560,neutral,deepseek-flash
1559,neutral,deepseek-flash
1558,neutral,deepseek-flash
1562,neutral,deepseek-flash
1564,neutral,deepseek-flash
1563,neutral,deepseek-flash
1565,neutral,deepseek-flash
1567,neutral,deepseek-flash
1569,neutral,deepseek-flash
1566,negative,deepseek-flash
1570,neutral,deepseek-flash
1568,neutral,deepseek-flash
1573,neutral,deepseek-flash
1578,neutral,deepseek-flash
1575,neutral,deepseek-flash
1572,neutral,deepseek-flash
1576,neutral,deepseek-flash
1577,neutral,deepseek-flash
1571,neutral,deepseek-flash
1579,neutral,deepseek-flash
1580,neutral,deepseek-flash
1581,neutral,deepseek-flash
1583,neutral,deepseek-flash
1585,neutral,deepseek-flash
1584,neutral,deepseek-flash
1582,neutral,deepseek-flash
1588,neutral,deepseek-flash
1586,neutral,deepseek-flash
1589,neutral,deepseek-flash
1574,neutral,deepseek-flash
1587,neutral,deepseek-flash
1593,neutral,deepseek-flash
1590,neutral,deepseek-flash
1591,neutral,deepseek-flash
1592,neutral,deepseek-flash
1594,neutral,deepseek-flash
1595,neutral,deepseek-flash
1598,neutral,deepseek-flash
1596,neutral,deepseek-flash
1603,neutral,deepseek-flash
1600,neutral,deepseek-flash
1602,positive,deepseek-flash
1609,neutral,deepseek-flash
1604,neutral,deepseek-flash
1610,negative,deepseek-flash
1601,neutral,deepseek-flash
1608,neutral,deepseek-flash
1606,positive,deepseek-flash
1605,neutral,deepseek-flash
1612,neutral,deepseek-flash
1607,neutral,deepseek-flash
1611,neutral,deepseek-flash
1614,positive,deepseek-flash
1618,neutral,deepseek-flash
1597,neutral,deepseek-flash
1615,neutral,deepseek-flash
1619,neutral,deepseek-flash
1613,neutral,deepseek-flash
1617,neutral,deepseek-flash
1616,positive,deepseek-flash
1622,neutral,deepseek-flash
1599,neutral,deepseek-flash
1623,neutral,deepseek-flash
1621,neutral,deepseek-flash
1624,positive,deepseek-flash
1625,neutral,deepseek-flash
1632,neutral,deepseek-flash
1627,neutral,deepseek-flash
1626,neutral,deepseek-flash
1620,neutral,deepseek-flash
1629,neutral,deepseek-flash
1631,neutral,deepseek-flash
1630,neutral,deepseek-flash
1628,neutral,deepseek-flash
1634,neutral,deepseek-flash
1636,neutral,deepseek-flash
1633,neutral,deepseek-flash
1639,neutral,deepseek-flash
1640,neutral,deepseek-flash
1641,neutral,deepseek-flash
1642,neutral,deepseek-flash
1644,neutral,deepseek-flash
1645,neutral,deepseek-flash
1647,neutral,deepseek-flash
1643,neutral,deepseek-flash
1638,neutral,deepseek-flash
1635,neutral,deepseek-flash
1651,neutral,deepseek-flash
1648,neutral,deepseek-flash
1646,neutral,deepseek-flash
1649,neutral,deepseek-flash
1654,neutral,deepseek-flash
1650,neutral,deepseek-flash
1637,neutral,deepseek-flash
1652,neutral,deepseek-flash
1653,neutral,deepseek-flash
1655,neutral,deepseek-flash
1657,neutral,deepseek-flash
1656,neutral,deepseek-flash
1660,neutral,deepseek-flash
1658,neutral,deepseek-flash
1662,neutral,deepseek-flash
1665,neutral,deepseek-flash
1664,neutral,deepseek-flash
1663,neutral,deepseek-flash
1667,neutral,deepseek-flash
1671,neutral,deepseek-flash
1666,neutral,deepseek-flash
1661,neutral,deepseek-flash
1659,neutral,deepseek-flash
1673,neutral,deepseek-flash
1670,neutral,deepseek-flash
1668,neutral,deepseek-flash
1669,neutral,deepseek-flash
1685,neutral,deepseek-flash
1678,neutral,deepseek-flash
1682,positive,deepseek-flash
1680,neutral,deepseek-flash
1686,neutral,deepseek-flash
1675,neutral,deepseek-flash
1677,neutral,deepseek-flash
1672,neutral,deepseek-flash
1679,neutral,deepseek-flash
1674,neutral,deepseek-flash
1681,positive,deepseek-flash
1683,positive,deepseek-flash
1676,neutral,deepseek-flash
1684,neutral,deepseek-flash
1690,neutral,deepseek-flash
1688,neutral,deepseek-flash
1687,neutral,deepseek-flash
1689,neutral,deepseek-flash
1692,neutral,deepseek-flash
1691,neutral,deepseek-flash
1693,neutral,deepseek-flash
1695,neutral,deepseek-flash
1696,neutral,deepseek-flash
1694,neutral,deepseek-flash
1697,neutral,deepseek-flash
1699,neutral,deepseek-flash
1698,neutral,deepseek-flash
1700,neutral,deepseek-flash
1703,negative,deepseek-flash
1702,negative,deepseek-flash
1705,neutral,deepseek-flash
1701,negative,deepseek-flash
1709,negative,deepseek-flash
1704,negative,deepseek-flash
1713,neutral,deepseek-flash
1706,negative,deepseek-flash
1712,positive,deepseek-flash
1707,negative,deepseek-flash
1711,positive,deepseek-flash
1710,negative,deepseek-flash
1716,neutral,deepseek-flash
1715,neutral,deepseek-flash
1717,neutral,deepseek-flash
1708,positive,deepseek-flash
1714,neutral,deepseek-flash
1718,positive,deepseek-flash
1719,positive,deepseek-flash
1721,positive,deepseek-flash
1720,positive,deepseek-flash
1722,positive,deepseek-flash
1723,neutral,deepseek-flash
1726,positive,deepseek-flash
1724,neutral,deepseek-flash
1725,neutral,deepseek-flash
1727,neutral,deepseek-flash
1728,neutral,deepseek-flash
1730,positive,deepseek-flash
1729,neutral,deepseek-flash
1731,neutral,deepseek-flash
1732,neutral,deepseek-flash
1735,neutral,deepseek-flash
1744,neutral,deepseek-flash
1742,neutral,deepseek-flash
1748,positive,deepseek-flash
1737,neutral,deepseek-flash
1733,positive,deepseek-flash
1736,neutral,deepseek-flash
1734,neutral,deepseek-flash
1740,neutral,deepseek-flash
1745,positive,deepseek-flash
1746,neutral,deepseek-flash
1738,neutral,deepseek-flash
1741,neutral,deepseek-flash
1739,neutral,deepseek-flash
1750,neutral,deepseek-flash
1747,positive,deepseek-flash
1749,positive,deepseek-flash
1743,neutral,deepseek-flash
1751,positive,deepseek-flash
1753,neutral,deepseek-flash
1754,positive,deepseek-flash
1752,positive,deepseek-flash
1755,neutral,deepseek-flash
1756,neutral,deepseek-flash
1757,neutral,deepseek-flash
1759,positive,deepseek-flash
1760,neutral,deepseek-flash
1758,positive,deepseek-flash
1761,positive,deepseek-flash
1764,neutral,deepseek-flash
1763,neutral,deepseek-flash
1765,neutral,deepseek-flash
1771,positive,deepseek-flash
1769,positive,deepseek-flash
1762,neutral,deepseek-flash
1766,neutral,deepseek-flash
1778,positive,deepseek-flash
1767,positive,deepseek-flash
1779,positive,deepseek-flash
1770,positive,deepseek-flash
1774,positive,deepseek-flash
1776,positive,deepseek-flash
1777,positive,deepseek-flash
1768,positive,deepseek-flash
1775,positive,deepseek-flash
1772,positive,deepseek-flash
1781,neutral,deepseek-flash
1782,positive,deepseek-flash
1773,positive,deepseek-flash
1786,positive,deepseek-flash
1783,positive,deepseek-flash
1780,positive,deepseek-flash
1785,neutral,deepseek-flash
1784,positive,deepseek-flash
1788,neutral,deepseek-flash
1787,positive,deepseek-flash
1789,positive,deepseek-flash
1790,neutral,deepseek-flash
1793,positive,deepseek-flash
1791,neutral,deepseek-flash
1792,neutral,deepseek-flash
1797,neutral,deepseek-flash
1794,neutral,deepseek-flash
1796,neutral,deepseek-flash
1795,neutral,deepseek-flash
1799,neutral,deepseek-flash
1798,neutral,deepseek-flash
1801,neutral,deepseek-flash
1803,neutral,deepseek-flash
1804,neutral,deepseek-flash
1808,neutral,deepseek-flash
1807,neutral,deepseek-flash
1809,neutral,deepseek-flash
1811,neutral,deepseek-flash
1813,neutral,deepseek-flash
1812,neutral,deepseek-flash
1805,neutral,deepseek-flash
1810,neutral,deepseek-flash
1814,neutral,deepseek-flash
1817,neutral,deepseek-flash
1815,neutral,deepseek-flash
1818,neutral,deepseek-flash
1816,neutral,deepseek-flash
1819,neutral,deepseek-flash
1820,neutral,deepseek-flash
1800,neutral,deepseek-flash
1802,neutral,deepseek-flash
1822,neutral,deepseek-flash
1824,neutral,deepseek-flash
1806,neutral,deepseek-flash
1821,neutral,deepseek-flash
1827,neutral,deepseek-flash
1825,neutral,deepseek-flash
1828,positive,deepseek-flash
1829,neutral,deepseek-flash
1823,neutral,deepseek-flash
1831,positive,deepseek-flash
1833,neutral,deepseek-flash
1826,neutral,deepseek-flash
1835,neutral,deepseek-flash
1834,neutral,deepseek-flash
1836,neutral,deepseek-flash
1832,neutral,deepseek-flash
1840,neutral,deepseek-flash
1842,neutral,deepseek-flash
1839,neutral,deepseek-flash
1837,positive,deepseek-flash
1843,neutral,deepseek-flash
1848,neutral,deepseek-flash
1845,neutral,deepseek-flash
1841,neutral,deepseek-flash
1847,positive,deepseek-flash
1838,neutral,deepseek-flash
1830,neutral,deepseek-flash
1846,neutral,deepseek-flash
1844,neutral,deepseek-flash
1849,neutral,deepseek-flash
1856,positive,deepseek-flash
1854,neutral,deepseek-flash
1858,neutral,deepseek-flash
1857,neutral,deepseek-flash
1855,neutral,deepseek-flash
1851,neutral,deepseek-flash
1860,neutral,deepseek-flash
1852,neutral,deepseek-flash
1853,neutral,deepseek-flash
1850,neutral,deepseek-flash
1859,neutral,deepseek-flash
1861,neutral,deepseek-flash
1863,neutral,deepseek-flash
1862,neutral,deepseek-flash
1866,neutral,deepseek-flash
1864,neutral,deepseek-flash
1865,neutral,deepseek-flash
1868,neutral,deepseek-flash
1869,neutral,deepseek-flash
1867,neutral,deepseek-flash
1871,neutral,deepseek-flash
1872,neutral,deepseek-flash
1870,neutral,deepseek-flash
1875,neutral,deepseek-flash
1874,neutral,deepseek-flash
1873,neutral,deepseek-flash
1879,neutral,deepseek-flash
1880,neutral,deepseek-flash
1877,neutral,deepseek-flash
1878,neutral,deepseek-flash
1876,neutral,deepseek-flash
1881,neutral,deepseek-flash
1885,neutral,deepseek-flash
1886,neutral,deepseek-flash
1887,neutral,deepseek-flash
1882,neutral,deepseek-flash
1883,neutral,deepseek-flash
1884,positive,deepseek-flash
1888,neutral,deepseek-flash
1890,neutral,deepseek-flash
1894,neutral,deepseek-flash
1889,neutral,deepseek-flash
1897,neutral,deepseek-flash
1896,neutral,deepseek-flash
1893,neutral,deepseek-flash
1891,neutral,deepseek-flash
1892,neutral,deepseek-flash
1895,neutral,deepseek-flash
1902,neutral,deepseek-flash
1900,neutral,deepseek-flash
1901,neutral,deepseek-flash
1903,neutral,deepseek-flash
1899,neutral,deepseek-flash
1898,neutral,deepseek-flash
1904,neutral,deepseek-flash
1906,neutral,deepseek-flash
1907,neutral,deepseek-flash
1905,neutral,deepseek-flash
1908,neutral,deepseek-flash
1909,neutral,deepseek-flash
1911,positive,deepseek-flash
1910,neutral,deepseek-flash
1913,neutral,deepseek-flash
1914,neutral,deepseek-flash
1912,neutral,deepseek-flash
1916,neutral,deepseek-flash
1918,neutral,deepseek-flash
1915,neutral,deepseek-flash
1919,neutral,deepseek-flash
1917,neutral,deepseek-flash
1927,neutral,deepseek-flash
1925,neutral,deepseek-flash
1920,neutral,deepseek-flash
1922,neutral,deepseek-flash
1921,neutral,deepseek-flash
1923,neutral,deepseek-flash
1928,positive,deepseek-flash
1926,neutral,deepseek-flash
1924,neutral,deepseek-flash
1931,neutral,deepseek-flash
1930,neutral,deepseek-flash
1929,neutral,deepseek-flash
1936,positive,deepseek-flash
1935,positive,deepseek-flash
1934,negative,deepseek-flash
1933,negative,deepseek-flash
1932,neutral,deepseek-flash
1938,neutral,deepseek-flash
1939,positive,deepseek-flash
1943,neutral,deepseek-flash
1937,positive,deepseek-flash
1948,neutral,deepseek-flash
1947,neutral,deepseek-flash
1946,positive,deepseek-flash
1944,neutral,deepseek-flash
1951,neutral,deepseek-flash
1945,positive,deepseek-flash
1942,positive,deepseek-flash
1941,positive,deepseek-flash
1940,neutral,deepseek-flash
1953,neutral,deepseek-flash
1949,neutral,deepseek-flash
1950,neutral,deepseek-flash
1954,neutral,deepseek-flash
1952,neutral,deepseek-flash
1960,neutral,deepseek-flash
1958,neutral,deepseek-flash
1955,neutral,deepseek-flash
1956,neutral,deepseek-flash
1957,neutral,deepseek-flash
1959,neutral,deepseek-flash
1965,negative,deepseek-flash
1962,neutral,deepseek-flash
1961,neutral,deepseek-flash
1964,neutral,deepseek-flash
1963,neutral,deepseek-flash
1966,neutral,deepseek-flash
1968,neutral,deepseek-flash
1969,neutral,deepseek-flash
1971,negative,deepseek-flash
1967,neutral,deepseek-flash
1974,neutral,deepseek-flash
1970,neutral,deepseek-flash
1972,neutral,deepseek-flash
1977,neutral,deepseek-flash
1978,neutral,deepseek-flash
1973,neutral,deepseek-flash
1975,neutral,deepseek-flash
1980,neutral,deepseek-flash
1976,neutral,deepseek-flash
1984,neutral,deepseek-flash
1985,negative,deepseek-flash
1981,neutral,deepseek-flash
1982,neutral,deepseek-flash
1979,neutral,deepseek-flash
1983,neutral,deepseek-flash
1986,negative,deepseek-flash
1987,neutral,deepseek-flash
1988,positive,deepseek-flash
1996,neutral,deepseek-flash
1992,neutral,deepseek-flash
1993,negative,deepseek-flash
1990,neutral,deepseek-flash
1995,positive,deepseek-flash
1994,negative,deepseek-flash
1991,positive,deepseek-flash
1998,positive,deepseek-flash
2001,neutral,deepseek-flash
1997,neutral,deepseek-flash
2000,neutral,deepseek-flash
1999,positive,deepseek-flash
2002,positive,deepseek-flash
1989,neutral,deepseek-flash
2003,neutral,deepseek-flash
2004,positive,deepseek-flash
2005,neutral,deepseek-flash
2008,positive,deepseek-flash
2009,neutral,deepseek-flash
2006,neutral,deepseek-flash
2010,neutral,deepseek-flash
2016,neutral,deepseek-flash
2011,positive,deepseek-flash
2015,positive,deepseek-flash
2014,neutral,deepseek-flash
2007,neutral,deepseek-flash
2018,neutral,deepseek-flash
2019,neutral,deepseek-flash
2017,neutral,deepseek-flash
2020,neutral,deepseek-flash
2013,neutral,deepseek-flash
2023,positive,deepseek-flash
2022,neutral,deepseek-flash
2021,neutral,deepseek-flash
2024,neutral,deepseek-flash
2012,neutral,deepseek-flash
2026,neutral,deepseek-flash
2027,negative,deepseek-flash
2030,positive,deepseek-flash
2025,positive,deepseek-flash
2029,neutral,deepseek-flash
2032,neutral,deepseek-flash
2033,neutral,deepseek-flash
2034,neutral,deepseek-flash
2036,neutral,deepseek-flash
2035,positive,deepseek-flash
2037,neutral,deepseek-flash
2042,neutral,deepseek-flash
2028,neutral,deepseek-flash
2031,neutral,deepseek-flash
2041,neutral,deepseek-flash
2040,neutral,deepseek-flash
2044,neutral,deepseek-flash
2043,neutral,deepseek-flash
2039,positive,deepseek-flash
2045,positive,deepseek-flash
2046,positive,deepseek-flash
2051,neutral,deepseek-flash
2053,neutral,deepseek-flash
2055,positive,deepseek-flash
2048,neutral,deepseek-flash
2047,neutral,deepseek-flash
2049,positive,deepseek-flash
2052,neutral,deepseek-flash
2050,neutral,deepseek-flash
2058,positive,deepseek-flash
2038,neutral,deepseek-flash
2054,neutral,deepseek-flash
2059,neutral,deepseek-flash
2056,neutral,deepseek-flash
2060,neutral,deepseek-flash
2064,neutral,deepseek-flash
2061,positive,deepseek-flash
2062,neutral,deepseek-flash
2057,positive,deepseek-flash
2066,neutral,deepseek-flash
2063,neutral,deepseek-flash
2067,positive,deepseek-flash
2072,neutral,deepseek-flash
2065,neutral,deepseek-flash
2070,neutral,deepseek-flash
2069,neutral,deepseek-flash
2073,neutral,deepseek-flash
2068,neutral,deepseek-flash
2071,positive,deepseek-flash
2074,positive,deepseek-flash
2075,neutral,deepseek-flash
2081,neutral,deepseek-flash
2085,neutral,deepseek-flash
2078,neutral,deepseek-flash
2080,neutral,deepseek-flash
2077,neutral,deepseek-flash
2079,positive,deepseek-flash
2076,neutral,deepseek-flash
2091,positive,deepseek-flash
2083,positive,deepseek-flash
2084,neutral,deepseek-flash
2082,neutral,deepseek-flash
2090,neutral,deepseek-flash
2086,neutral,deepseek-flash
2089,neutral,deepseek-flash
2088,neutral,deepseek-flash
2087,positive,deepseek-flash
2092,neutral,deepseek-flash
2097,neutral,deepseek-flash
2095,positive,deepseek-flash
2093,neutral,deepseek-flash
2094,positive,deepseek-flash
2096,positive,deepseek-flash
2103,positive,deepseek-flash
2098,neutral,deepseek-flash
2101,neutral,deepseek-flash
2099,neutral,deepseek-flash
2102,positive,deepseek-flash
2100,neutral,deepseek-flash
2105,positive,deepseek-flash
2106,neutral,deepseek-flash
2108,neutral,deepseek-flash
2109,neutral,deepseek-flash
2107,neutral,deepseek-flash
2118,neutral,deepseek-flash
2104,neutral,deepseek-flash
2111,neutral,deepseek-flash
2114,neutral,deepseek-flash
2115,neutral,deepseek-flash
2112,neutral,deepseek-flash
2119,positive,deepseek-flash
2113,neutral,deepseek-flash
2116,neutral,deepseek-flash
2117,neutral,deepseek-flash
2122,positive,deepseek-flash
2132,neutral,deepseek-flash
2121,neutral,deepseek-flash
2124,neutral,deepseek-flash
2120,neutral,deepseek-flash
2123,positive,deepseek-flash
2110,neutral,deepseek-flash
2126,neutral,deepseek-flash
2127,positive,deepseek-flash
2125,positive,deepseek-flash
2129,positive,deepseek-flash
2130,positive,deepseek-flash
2131,neutral,deepseek-flash
2133,positive,deepseek-flash
2128,positive,deepseek-flash
2135,neutral,deepseek-flash
2146,neutral,deepseek-flash
2138,neutral,deepseek-flash
2136,neutral,deepseek-flash
2142,neutral,deepseek-flash
2141,neutral,deepseek-flash
2149,positive,deepseek-flash
2137,neutral,deepseek-flash
2143,neutral,deepseek-flash
2140,neutral,deepseek-flash
2152,neutral,deepseek-flash
2139,neutral,deepseek-flash
2150,neutral,deepseek-flash
2154,neutral,deepseek-flash
2144,neutral,deepseek-flash
2134,positive,deepseek-flash
2147,positive,deepseek-flash
2145,neutral,deepseek-flash
2148,positive,deepseek-flash
2158,neutral,deepseek-flash
2159,neutral,deepseek-flash
2168,neutral,deepseek-flash
2151,neutral,deepseek-flash
2156,neutral,deepseek-flash
2155,neutral,deepseek-flash
2163,neutral,deepseek-flash
2160,neutral,deepseek-flash
2157,positive,deepseek-flash
2164,neutral,deepseek-flash
2162,neutral,deepseek-flash
2161,neutral,deepseek-flash
2165,neutral,deepseek-flash
2173,neutral,deepseek-flash
2153,positive,deepseek-flash
2167,neutral,deepseek-flash
2166,positive,deepseek-flash
2178,neutral,deepseek-flash
2174,neutral,deepseek-flash
2176,neutral,deepseek-flash
2182,neutral,deepseek-flash
2169,positive,deepseek-flash
2171,positive,deepseek-flash
2172,positive,deepseek-flash
2175,neutral,deepseek-flash
2170,positive,deepseek-flash
2184,neutral,deepseek-flash
2179,neutral,deepseek-flash
2198,positive,deepseek-flash
2195,positive,deepseek-flash
2177,positive,deepseek-flash
2180,positive,deepseek-flash
2188,neutral,deepseek-flash
2183,neutral,deepseek-flash
2186,neutral,deepseek-flash
2181,positive,deepseek-flash
2191,neutral,deepseek-flash
2185,neutral,deepseek-flash
2192,neutral,deepseek-flash
2187,positive,deepseek-flash
2190,positive,deepseek-flash
2196,neutral,deepseek-flash
2193,positive,deepseek-flash
2194,neutral,deepseek-flash
2189,neutral,deepseek-flash
2206,neutral,deepseek-flash
2197,neutral,deepseek-flash
2199,neutral,deepseek-flash
2200,neutral,deepseek-flash
2207,neutral,deepseek-flash
2215,neutral,deepseek-flash
2203,neutral,deepseek-flash
2212,neutral,deepseek-flash
2213,positive,deepseek-flash
2202,neutral,deepseek-flash
2218,neutral,deepseek-flash
2201,positive,deepseek-flash
2220,neutral,deepseek-flash
2204,neutral,deepseek-flash
2208,positive,deepseek-flash
2214,neutral,deepseek-flash
2222,neutral,deepseek-flash
2209,neutral,deepseek-flash
2211,neutral,deepseek-flash
2210,neutral,deepseek-flash
2205,neutral,deepseek-flash
2226,neutral,deepseek-flash
2217,neutral,deepseek-flash
2224,neutral,deepseek-flash
2216,neutral,deepseek-flash
2221,positive,deepseek-flash
2225,neutral,deepseek-flash
2219,neutral,deepseek-flash
2231,neutral,deepseek-flash
2223,neutral,deepseek-flash
2227,neutral,deepseek-flash
2230,positive,deepseek-flash
2228,neutral,deepseek-flash
2229,positive,deepseek-flash
2237,positive,deepseek-flash
2234,neutral,deepseek-flash
2236,positive,deepseek-flash
2232,neutral,deepseek-flash
2247,neutral,deepseek-flash
2244,neutral,deepseek-flash
2238,neutral,deepseek-flash
2233,positive,deepseek-flash
2242,positive,deepseek-flash
2240,neutral,deepseek-flash
2241,positive,deepseek-flash
2256,neutral,deepseek-flash
2250,neutral,deepseek-flash
2253,neutral,deepseek-flash
2246,neutral,deepseek-flash
2243,positive,deepseek-flash
2249,positive,deepseek-flash
2248,neutral,deepseek-flash
2245,neutral,deepseek-flash
2262,positive,deepseek-flash
2239,positive,deepseek-flash
2235,positive,deepseek-flash
2254,neutral,deepseek-flash
2251,neutral,deepseek-flash
2263,positive,deepseek-flash
2252,positive,deepseek-flash
2255,neutral,deepseek-flash
2260,neutral,deepseek-flash
2257,positive,deepseek-flash
2261,positive,deepseek-flash
2258,neutral,deepseek-flash
2259,neutral,deepseek-flash
2266,neutral,deepseek-flash
2264,positive,deepseek-flash
2273,positive,deepseek-flash
2268,neutral,deepseek-flash
2265,neutral,deepseek-flash
2274,positive,deepseek-flash
2267,positive,deepseek-flash
2272,positive,deepseek-flash
2275,positive,deepseek-flash
2271,neutral,deepseek-flash
2279,positive,deepseek-flash
2270,positive,deepseek-flash
2276,positive,deepseek-flash
2278,positive,deepseek-flash
2286,positive,deepseek-flash
2285,positive,deepseek-flash
2284,neutral,deepseek-flash
2269,positive,deepseek-flash
2287,neutral,deepseek-flash
2298,neutral,deepseek-flash
2283,positive,deepseek-flash
2289,positive,deepseek-flash
2291,positive,deepseek-flash
2280,positive,deepseek-flash
2277,neutral,deepseek-flash
2281,positive,deepseek-flash
2282,positive,deepseek-flash
2290,neutral,deepseek-flash
2288,neutral,deepseek-flash
2302,neutral,deepseek-flash
2292,positive,deepseek-flash
2295,positive,deepseek-flash
2293,positive,deepseek-flash
2305,positive,deepseek-flash
2294,positive,deepseek-flash
2299,neutral,deepseek-flash
2297,neutral,deepseek-flash
2300,positive,deepseek-flash
2301,positive,deepseek-flash
2303,neutral,deepseek-flash
2296,positive,deepseek-flash
2317,neutral,deepseek-flash
2307,neutral,deepseek-flash
2304,neutral,deepseek-flash
2308,neutral,deepseek-flash
2314,positive,deepseek-flash
2310,neutral,deepseek-flash
2306,neutral,deepseek-flash
2311,neutral,deepseek-flash
2309,positive,deepseek-flash
2312,positive,deepseek-flash
2313,neutral,deepseek-flash
2316,neutral,deepseek-flash
2319,neutral,deepseek-flash
2315,neutral,deepseek-flash
2326,neutral,deepseek-flash
2322,neutral,deepseek-flash
2321,neutral,deepseek-flash
2331,neutral,deepseek-flash
2318,neutral,deepseek-flash
2330,neutral,deepseek-flash
2332,neutral,deepseek-flash
2324,neutral,deepseek-flash
2320,neutral,deepseek-flash
2327,neutral,deepseek-flash
2325,neutral,deepseek-flash
2337,negative,deepseek-flash
2323,neutral,deepseek-flash
2329,neutral,deepseek-flash
2328,neutral,deepseek-flash
2335,neutral,deepseek-flash
2333,neutral,deepseek-flash
2347,neutral,deepseek-flash
2334,neutral,deepseek-flash
2339,neutral,deepseek-flash
2338,neutral,deepseek-flash
2341,neutral,deepseek-flash
2344,neutral,deepseek-flash
2336,neutral,deepseek-flash
2340,positive,deepseek-flash
2343,neutral,deepseek-flash
2360,neutral,deepseek-flash
2358,neutral,deepseek-flash
2346,neutral,deepseek-flash
2356,neutral,deepseek-flash
2345,neutral,deepseek-flash
2355,neutral,deepseek-flash
2357,neutral,deepseek-flash
2342,neutral,deepseek-flash
2364,neutral,deepseek-flash
2350,neutral,deepseek-flash
2353,neutral,deepseek-flash
2352,neutral,deepseek-flash
2349,neutral,deepseek-flash
2351,neutral,deepseek-flash
2375,neutral,deepseek-flash
2354,neutral,deepseek-flash
2348,neutral,deepseek-flash
2361,neutral,deepseek-flash
2363,neutral,deepseek-flash
2362,neutral,deepseek-flash
2366,neutral,deepseek-flash
2371,neutral,deepseek-flash
2365,neutral,deepseek-flash
2372,neutral,deepseek-flash
2368,neutral,deepseek-flash
2376,neutral,deepseek-flash
2359,neutral,deepseek-flash
2369,neutral,deepseek-flash
2373,negative,deepseek-flash
2374,neutral,deepseek-flash
2367,neutral,deepseek-flash
2385,neutral,deepseek-flash
2380,neutral,deepseek-flash
2377,neutral,deepseek-flash
2382,neutral,deepseek-flash
2383,neutral,deepseek-flash
2370,negative,deepseek-flash
2384,neutral,deepseek-flash
2378,neutral,deepseek-flash
2379,neutral,deepseek-flash
2390,neutral,deepseek-flash
2387,neutral,deepseek-flash
2388,neutral,deepseek-flash
2395,neutral,deepseek-flash
2391,neutral,deepseek-flash
2386,neutral,deepseek-flash
2393,neutral,deepseek-flash
2381,neutral,deepseek-flash
2405,negative,deepseek-flash
2389,neutral,deepseek-flash
2406,neutral,deepseek-flash
2392,neutral,deepseek-flash
2394,neutral,deepseek-flash
2407,negative,deepseek-flash
2413,negative,deepseek-flash
2409,neutral,deepseek-flash
2397,neutral,deepseek-flash
2404,neutral,deepseek-flash
2402,negative,deepseek-flash
2414,neutral,deepseek-flash
2400,neutral,deepseek-flash
2398,neutral,deepseek-flash
2396,neutral,deepseek-flash
2408,neutral,deepseek-flash
2401,neutral,deepseek-flash
2412,neutral,deepseek-flash
2411,neutral,deepseek-flash
2403,neutral,deepseek-flash
2410,neutral,deepseek-flash
2399,neutral,deepseek-flash
2417,neutral,deepseek-flash
2419,neutral,deepseek-flash
2416,neutral,deepseek-flash
2418,neutral,deepseek-flash
2420,neutral,deepseek-flash
2421,neutral,deepseek-flash
2415,negative,deepseek-flash
2422,neutral,deepseek-flash
2431,neutral,deepseek-flash
2427,neutral,deepseek-flash
2423,neutral,deepseek-flash
2428,neutral,deepseek-flash
2425,neutral,deepseek-flash
2430,neutral,deepseek-flash
2429,neutral,deepseek-flash
2424,neutral,deepseek-flash
2426,neutral,deepseek-flash
2444,neutral,deepseek-flash
2439,neutral,deepseek-flash
2438,neutral,deepseek-flash
2436,neutral,deepseek-flash
2435,negative,deepseek-flash
2448,neutral,deepseek-flash
2443,neutral,deepseek-flash
2440,neutral,deepseek-flash
2434,neutral,deepseek-flash
2452,neutral,deepseek-flash
2433,neutral,deepseek-flash
2441,neutral,deepseek-flash
2445,neutral,deepseek-flash
2432,neutral,deepseek-flash
2456,neutral,deepseek-flash
2446,neutral,deepseek-flash
2447,neutral,deepseek-flash
2442,neutral,deepseek-flash
2451,neutral,deepseek-flash
2461,negative,deepseek-flash
2450,neutral,deepseek-flash
2459,neutral,deepseek-flash
2449,positive,deepseek-flash
2453,neutral,deepseek-flash
2454,neutral,deepseek-flash
2457,neutral,deepseek-flash
2455,neutral,deepseek-flash
2437,neutral,deepseek-flash
2462,neutral,deepseek-flash
2471,neutral,deepseek-flash
2463,neutral,deepseek-flash
2483,neutral,deepseek-flash
2460,neutral,deepseek-flash
2465,neutral,deepseek-flash
2468,neutral,deepseek-flash
2458,neutral,deepseek-flash
2466,neutral,deepseek-flash
2469,neutral,deepseek-flash
2470,neutral,deepseek-flash
2472,neutral,deepseek-flash
2464,positive,deepseek-flash
2476,neutral,deepseek-flash
2473,neutral,deepseek-flash
2477,neutral,deepseek-flash
2467,neutral,deepseek-flash
2474,neutral,deepseek-flash
2481,neutral,deepseek-flash
2480,neutral,deepseek-flash
2475,negative,deepseek-flash
2478,neutral,deepseek-flash
2482,neutral,deepseek-flash
2493,neutral,deepseek-flash
2479,neutral,deepseek-flash
2488,neutral,deepseek-flash
2486,neutral,deepseek-flash
2485,neutral,deepseek-flash
2484,neutral,deepseek-flash
2487,neutral,deepseek-flash
2489,neutral,deepseek-flash
2490,neutral,deepseek-flash
2492,neutral,deepseek-flash
2494,neutral,deepseek-flash
2491,neutral,deepseek-flash
2496,neutral,deepseek-flash
2495,neutral,deepseek-flash
2499,neutral,deepseek-flash
2498,neutral,deepseek-flash
2504,neutral,deepseek-flash
2503,neutral,deepseek-flash
2514,neutral,deepseek-flash
2502,neutral,deepseek-flash
2501,neutral,deepseek-flash
2512,neutral,deepseek-flash
2500,neutral,deepseek-flash
2516,neutral,deepseek-flash
2513,neutral,deepseek-flash
2505,neutral,deepseek-flash
2497,positive,deepseek-flash
2508,neutral,deepseek-flash
2510,neutral,deepseek-flash
2521,neutral,deepseek-flash
2506,neutral,deepseek-flash
2518,neutral,deepseek-flash
2517,neutral,deepseek-flash
2507,neutral,deepseek-flash
2509,neutral,deepseek-flash
2515,neutral,deepseek-flash
2531,neutral,deepseek-flash
2511,neutral,deepseek-flash
2524,neutral,deepseek-flash
2529,positive,deepseek-flash
2522,neutral,deepseek-flash
2526,neutral,deepseek-flash
2523,neutral,deepseek-flash
2520,neutral,deepseek-flash
2519,neutral,deepseek-flash
2527,neutral,deepseek-flash
2528,negative,deepseek-flash
2533,neutral,deepseek-flash
2535,neutral,deepseek-flash
2530,neutral,deepseek-flash
2536,neutral,deepseek-flash
2544,neutral,deepseek-flash
2525,neutral,deepseek-flash
2534,neutral,deepseek-flash
2532,neutral,deepseek-flash
2541,neutral,deepseek-flash
2543,neutral,deepseek-flash
2537,neutral,deepseek-flash
2551,neutral,deepseek-flash
2554,neutral,deepseek-flash
2550,neutral,deepseek-flash
2538,neutral,deepseek-flash
2548,neutral,deepseek-flash
2549,neutral,deepseek-flash
2545,neutral,deepseek-flash
2546,neutral,deepseek-flash
2540,neutral,deepseek-flash
2547,neutral,deepseek-flash
2553,neutral,deepseek-flash
2542,neutral,deepseek-flash
2556,neutral,deepseek-flash
2555,neutral,deepseek-flash
2539,neutral,deepseek-flash
2564,neutral,deepseek-flash
2557,neutral,deepseek-flash
2562,neutral,deepseek-flash
2558,neutral,deepseek-flash
2552,neutral,deepseek-flash
2561,neutral,deepseek-flash
2566,neutral,deepseek-flash
2579,neutral,deepseek-flash
2559,neutral,deepseek-flash
2563,neutral,deepseek-flash
2560,neutral,deepseek-flash
2570,neutral,deepseek-flash
2565,neutral,deepseek-flash
2571,neutral,deepseek-flash
2567,neutral,deepseek-flash
2572,neutral,deepseek-flash
2569,neutral,deepseek-flash
2568,neutral,deepseek-flash
2591,neutral,deepseek-flash
2576,neutral,deepseek-flash
2574,neutral,deepseek-flash
2573,positive,deepseek-flash
2581,neutral,deepseek-flash
2587,neutral,deepseek-flash
2578,neutral,deepseek-flash
2575,neutral,deepseek-flash
2586,neutral,deepseek-flash
2582,neutral,deepseek-flash
2577,neutral,deepseek-flash
2584,neutral,deepseek-flash
2580,neutral,deepseek-flash
2588,neutral,deepseek-flash
2583,neutral,deepseek-flash
2589,neutral,deepseek-flash
2585,neutral,deepseek-flash
2590,neutral,deepseek-flash
2593,neutral,deepseek-flash
2592,neutral,deepseek-flash
2599,neutral,deepseek-flash
2598,neutral,deepseek-flash
2604,neutral,deepseek-flash
2594,neutral,deepseek-flash
2600,neutral,deepseek-flash
2596,neutral,deepseek-flash
2602,neutral,deepseek-flash
2601,neutral,deepseek-flash
2597,neutral,deepseek-flash
2620,neutral,deepseek-flash
2614,neutral,deepseek-flash
2609,neutral,deepseek-flash
2603,neutral,deepseek-flash
2608,neutral,deepseek-flash
2612,neutral,deepseek-flash
2606,neutral,deepseek-flash
2618,neutral,deepseek-flash
2595,neutral,deepseek-flash
2605,neutral,deepseek-flash
2613,neutral,deepseek-flash
2607,neutral,deepseek-flash
2617,neutral,deepseek-flash
2619,neutral,deepseek-flash
2616,neutral,deepseek-flash
2622,neutral,deepseek-flash
2615,neutral,deepseek-flash
2621,neutral,deepseek-flash
2611,neutral,deepseek-flash
2623,neutral,deepseek-flash
2610,neutral,deepseek-flash
2634,neutral,deepseek-flash
2642,neutral,deepseek-flash
2624,neutral,deepseek-flash
2626,neutral,deepseek-flash
2641,neutral,deepseek-flash
2636,neutral,deepseek-flash
2638,negative,deepseek-flash
2630,neutral,deepseek-flash
2627,neutral,deepseek-flash
2631,neutral,deepseek-flash
2628,neutral,deepseek-flash
2640,negative,deepseek-flash
2635,neutral,deepseek-flash
2625,neutral,deepseek-flash
2632,neutral,deepseek-flash
2629,neutral,deepseek-flash
2643,neutral,deepseek-flash
2639,neutral,deepseek-flash
2633,neutral,deepseek-flash
2645,neutral,deepseek-flash
2647,neutral,deepseek-flash
2650,neutral,deepseek-flash
2644,negative,deepseek-flash
2655,neutral,deepseek-flash
2649,neutral,deepseek-flash
2656,neutral,deepseek-flash
2651,neutral,deepseek-flash
2648,neutral,deepseek-flash
2660,neutral,deepseek-flash
2646,neutral,deepseek-flash
2637,neutral,deepseek-flash
2657,neutral,deepseek-flash
2661,neutral,deepseek-flash
2652,neutral,deepseek-flash
2676,neutral,deepseek-flash
2669,neutral,deepseek-flash
2654,neutral,deepseek-flash
2653,neutral,deepseek-flash
2675,neutral,deepseek-flash
2665,neutral,deepseek-flash
2664,neutral,deepseek-flash
2659,neutral,deepseek-flash
2662,neutral,deepseek-flash
2658,neutral,deepseek-flash
2663,neutral,deepseek-flash
2680,neutral,deepseek-flash
2667,neutral,deepseek-flash
2668,neutral,deepseek-flash
2672,neutral,deepseek-flash
2679,neutral,deepseek-flash
2666,neutral,deepseek-flash
2677,neutral,deepseek-flash
2681,neutral,deepseek-flash
2674,neutral,deepseek-flash
2670,neutral,deepseek-flash
2673,neutral,deepseek-flash
2671,neutral,deepseek-flash
2678,neutral,deepseek-flash
2688,neutral,deepseek-flash
2692,neutral,deepseek-flash
2682,neutral,deepseek-flash
2683,neutral,deepseek-flash
2684,neutral,deepseek-flash
2686,neutral,deepseek-flash
2687,neutral,deepseek-flash
2691,neutral,deepseek-flash
2699,neutral,deepseek-flash
2704,neutral,deepseek-flash
2690,neutral,deepseek-flash
2693,neutral,deepseek-flash
2703,neutral,deepseek-flash
2694,neutral,deepseek-flash
2689,neutral,deepseek-flash
2698,neutral,deepseek-flash
2697,neutral,deepseek-flash
2702,neutral,deepseek-flash
2701,neutral,deepseek-flash
2715,neutral,deepseek-flash
2700,neutral,deepseek-flash
2696,neutral,deepseek-flash
2706,neutral,deepseek-flash
2708,neutral,deepseek-flash
2707,neutral,deepseek-flash
2695,neutral,deepseek-flash
2709,neutral,deepseek-flash
2710,neutral,deepseek-flash
2705,negative,deepseek-flash
2685,neutral,deepseek-flash
2711,neutral,deepseek-flash
2714,neutral,deepseek-flash
2713,neutral,deepseek-flash
2712,neutral,deepseek-flash
2717,neutral,deepseek-flash
2721,neutral,deepseek-flash
2720,neutral,deepseek-flash
2718,neutral,deepseek-flash
2738,neutral,deepseek-flash
2716,neutral,deepseek-flash
2727,neutral,deepseek-flash
2719,neutral,deepseek-flash
2723,neutral,deepseek-flash
2722,neutral,deepseek-flash
2740,neutral,deepseek-flash
2726,neutral,deepseek-flash
2729,neutral,deepseek-flash
2725,negative,deepseek-flash
2728,neutral,deepseek-flash
2735,neutral,deepseek-flash
2730,neutral,deepseek-flash
2734,neutral,deepseek-flash
2732,neutral,deepseek-flash
2724,neutral,deepseek-flash
2731,neutral,deepseek-flash
2733,neutral,deepseek-flash
2741,neutral,deepseek-flash
2736,neutral,deepseek-flash
2746,negative,deepseek-flash
2752,neutral,deepseek-flash
2743,neutral,deepseek-flash
2747,neutral,deepseek-flash
2739,neutral,deepseek-flash
2751,neutral,deepseek-flash
2745,neutral,deepseek-flash
2744,neutral,deepseek-flash
2750,negative,deepseek-flash
2737,neutral,deepseek-flash
2749,negative,deepseek-flash
2756,neutral,deepseek-flash
2742,neutral,deepseek-flash
2748,neutral,deepseek-flash
2754,neutral,deepseek-flash
2765,neutral,deepseek-flash
2757,neutral,deepseek-flash
2769,neutral,deepseek-flash
2753,neutral,deepseek-flash
2755,neutral,deepseek-flash
2766,neutral,deepseek-flash
2758,neutral,deepseek-flash
2761,neutral,deepseek-flash
2759,neutral,deepseek-flash
2768,neutral,deepseek-flash
2774,neutral,deepseek-flash
2760,neutral,deepseek-flash
2773,neutral,deepseek-flash
2770,neutral,deepseek-flash
2767,neutral,deepseek-flash
2763,neutral,deepseek-flash
2778,neutral,deepseek-flash
2762,negative,deepseek-flash
2764,neutral,deepseek-flash
2775,neutral,deepseek-flash
2776,neutral,deepseek-flash
2783,neutral,deepseek-flash
2784,neutral,deepseek-flash
2781,neutral,deepseek-flash
2771,neutral,deepseek-flash
2779,neutral,deepseek-flash
2777,neutral,deepseek-flash
2772,neutral,deepseek-flash
2782,neutral,deepseek-flash
2787,neutral,deepseek-flash
2788,neutral,deepseek-flash
2798,neutral,deepseek-flash
2780,neutral,deepseek-flash
2794,neutral,deepseek-flash
2785,neutral,deepseek-flash
2796,neutral,deepseek-flash
2795,neutral,deepseek-flash
2793,neutral,deepseek-flash
2789,neutral,deepseek-flash
2790,neutral,deepseek-flash
2786,neutral,deepseek-flash
2792,neutral,deepseek-flash
2791,negative,deepseek-flash
2805,negative,deepseek-flash
2807,neutral,deepseek-flash
2803,negative,deepseek-flash
2804,negative,deepseek-flash
2799,neutral,deepseek-flash
2800,negative,deepseek-flash
2801,neutral,deepseek-flash
2809,neutral,deepseek-flash
2797,neutral,deepseek-flash
2813,neutral,deepseek-flash
2802,neutral,deepseek-flash
2816,neutral,deepseek-flash
2821,neutral,deepseek-flash
2820,neutral,deepseek-flash
2806,negative,deepseek-flash
2808,neutral,deepseek-flash
2811,neutral,deepseek-flash
2815,neutral,deepseek-flash
2819,neutral,deepseek-flash
2812,neutral,deepseek-flash
2828,neutral,deepseek-flash
2817,neutral,deepseek-flash
2814,neutral,deepseek-flash
2818,neutral,deepseek-flash
2823,neutral,deepseek-flash
2825,neutral,deepseek-flash
2824,neutral,deepseek-flash
2810,neutral,deepseek-flash
2822,neutral,deepseek-flash
2833,positive,deepseek-flash
2826,neutral,deepseek-flash
2832,neutral,deepseek-flash
2830,neutral,deepseek-flash
2827,neutral,deepseek-flash
2842,neutral,deepseek-flash
2829,neutral,deepseek-flash
2838,neutral,deepseek-flash
2835,neutral,deepseek-flash
2834,neutral,deepseek-flash
2837,neutral,deepseek-flash
2831,neutral,deepseek-flash
2851,neutral,deepseek-flash
2843,neutral,deepseek-flash
2848,neutral,deepseek-flash
2844,neutral,deepseek-flash
2840,neutral,deepseek-flash
2839,neutral,deepseek-flash
2841,neutral,deepseek-flash
2847,neutral,deepseek-flash
2836,neutral,deepseek-flash
2845,neutral,deepseek-flash
2857,neutral,deepseek-flash
2856,neutral,deepseek-flash
2850,neutral,deepseek-flash
2853,neutral,deepseek-flash
2852,neutral,deepseek-flash
2855,neutral,deepseek-flash
2858,neutral,deepseek-flash
2846,neutral,deepseek-flash
2854,neutral,deepseek-flash
2859,neutral,deepseek-flash
2849,neutral,deepseek-flash
2864,neutral,deepseek-flash
2863,neutral,deepseek-flash
2860,neutral,deepseek-flash
2873,neutral,deepseek-flash
2866,negative,deepseek-flash
2862,neutral,deepseek-flash
2861,neutral,deepseek-flash
2867,neutral,deepseek-flash
2878,neutral,deepseek-flash
2868,neutral,deepseek-flash
2874,neutral,deepseek-flash
2865,neutral,deepseek-flash
2869,neutral,deepseek-flash
2872,neutral,deepseek-flash
2870,neutral,deepseek-flash
2880,neutral,deepseek-flash
2877,neutral,deepseek-flash
2871,neutral,deepseek-flash
2875,neutral,deepseek-flash
2881,neutral,deepseek-flash
2888,neutral,deepseek-flash
2876,neutral,deepseek-flash
2883,neutral,deepseek-flash
2887,neutral,deepseek-flash
2884,neutral,deepseek-flash
2879,neutral,deepseek-flash
2891,neutral,deepseek-flash
2889,neutral,deepseek-flash
2886,neutral,deepseek-flash
2882,neutral,deepseek-flash
2890,neutral,deepseek-flash
2885,neutral,deepseek-flash
2899,neutral,deepseek-flash
2900,neutral,deepseek-flash
2892,neutral,deepseek-flash
2898,neutral,deepseek-flash
2901,neutral,deepseek-flash
2893,neutral,deepseek-flash
2906,neutral,deepseek-flash
2895,neutral,deepseek-flash
2896,neutral,deepseek-flash
2894,neutral,deepseek-flash
2897,neutral,deepseek-flash
2911,neutral,deepseek-flash
2908,neutral,deepseek-flash
2903,neutral,deepseek-flash
2902,neutral,deepseek-flash
2907,neutral,deepseek-flash
2904,neutral,deepseek-flash
2905,neutral,deepseek-flash
2909,neutral,deepseek-flash
2912,neutral,deepseek-flash
2910,neutral,deepseek-flash
2918,neutral,deepseek-flash
2913,negative,deepseek-flash
2914,neutral,deepseek-flash
2919,neutral,deepseek-flash
2916,neutral,deepseek-flash
2920,neutral,deepseek-flash
2915,positive,deepseek-flash
2930,neutral,deepseek-flash
2917,neutral,deepseek-flash
2928,neutral,deepseek-flash
2921,neutral,deepseek-flash
2927,neutral,deepseek-flash
2931,neutral,deepseek-flash
2925,neutral,deepseek-flash
2934,negative,deepseek-flash
2923,neutral,deepseek-flash
2924,neutral,deepseek-flash
2926,neutral,deepseek-flash
2922,neutral,deepseek-flash
2933,neutral,deepseek-flash
2929,neutral,deepseek-flash
2932,neutral,deepseek-flash
2937,neutral,deepseek-flash
2939,neutral,deepseek-flash
2938,neutral,deepseek-flash
2935,neutral,deepseek-flash
2947,neutral,deepseek-flash
2940,neutral,deepseek-flash
2945,negative,deepseek-flash
2936,neutral,deepseek-flash
2941,neutral,deepseek-flash
2943,neutral,deepseek-flash
2957,neutral,deepseek-flash
2942,neutral,deepseek-flash
2950,neutral,deepseek-flash
2944,neutral,deepseek-flash
2946,neutral,deepseek-flash
2960,neutral,deepseek-flash
2958,neutral,deepseek-flash
2948,neutral,deepseek-flash
2952,neutral,deepseek-flash
2962,neutral,deepseek-flash
2956,neutral,deepseek-flash
2955,neutral,deepseek-flash
2966,neutral,deepseek-flash
2951,neutral,deepseek-flash
2949,neutral,deepseek-flash
2954,neutral,deepseek-flash
2953,neutral,deepseek-flash
2964,neutral,deepseek-flash
2959,neutral,deepseek-flash
2961,neutral,deepseek-flash
2969,neutral,deepseek-flash
2973,neutral,deepseek-flash
2976,positive,deepseek-flash
2963,neutral,deepseek-flash
2968,neutral,deepseek-flash
2977,neutral,deepseek-flash
2974,neutral,deepseek-flash
2970,neutral,deepseek-flash
2975,neutral,deepseek-flash
2967,neutral,deepseek-flash
2972,neutral,deepseek-flash
2982,neutral,deepseek-flash
2980,neutral,deepseek-flash
2965,neutral,deepseek-flash
2971,neutral,deepseek-flash
2979,neutral,deepseek-flash
2992,neutral,deepseek-flash
2989,neutral,deepseek-flash
2985,neutral,deepseek-flash
2978,neutral,deepseek-flash
2984,neutral,deepseek-flash
2983,neutral,deepseek-flash
2981,positive,deepseek-flash
2986,neutral,deepseek-flash
2997,neutral,deepseek-flash
2994,neutral,deepseek-flash
2988,neutral,deepseek-flash
2987,neutral,deepseek-flash
2998,neutral,deepseek-flash
2991,positive,deepseek-flash
2990,neutral,deepseek-flash
2993,neutral,deepseek-flash
2996,neutral,deepseek-flash
3000,neutral,deepseek-flash
2995,neutral,deepseek-flash
3005,positive,deepseek-flash
2999,neutral,deepseek-flash
3003,neutral,deepseek-flash
3016,neutral,deepseek-flash
3004,neutral,deepseek-flash
3001,neutral,deepseek-flash
3002,neutral,deepseek-flash
3007,neutral,deepseek-flash
3019,neutral,deepseek-flash
3026,neutral,deepseek-flash
3006,neutral,deepseek-flash
3008,neutral,deepseek-flash
3009,neutral,deepseek-flash
3022,neutral,deepseek-flash
3020,neutral,deepseek-flash
3010,neutral,deepseek-flash
3014,neutral,deepseek-flash
3011,neutral,deepseek-flash
3021,neutral,deepseek-flash
3012,neutral,deepseek-flash
3013,neutral,deepseek-flash
3017,neutral,deepseek-flash
3024,negative,deepseek-flash
3023,negative,deepseek-flash
3018,neutral,deepseek-flash
3037,neutral,deepseek-flash
3033,neutral,deepseek-flash
3035,neutral,deepseek-flash
3034,neutral,deepseek-flash
3032,neutral,deepseek-flash
3027,neutral,deepseek-flash
3038,neutral,deepseek-flash
3039,neutral,deepseek-flash
3036,neutral,deepseek-flash
3031,positive,deepseek-flash
3028,neutral,deepseek-flash
3029,neutral,deepseek-flash
3025,negative,deepseek-flash
3047,neutral,deepseek-flash
3030,neutral,deepseek-flash
3015,neutral,deepseek-flash
3045,neutral,deepseek-flash
3042,neutral,deepseek-flash
3041,neutral,deepseek-flash
3043,neutral,deepseek-flash
3040,neutral,deepseek-flash
3044,neutral,deepseek-flash
3046,neutral,deepseek-flash
3050,neutral,deepseek-flash
3054,neutral,deepseek-flash
3051,neutral,deepseek-flash
3048,neutral,deepseek-flash
3065,neutral,deepseek-flash
3052,neutral,deepseek-flash
3053,neutral,deepseek-flash
3064,neutral,deepseek-flash
3049,neutral,deepseek-flash
3057,neutral,deepseek-flash
3059,neutral,deepseek-flash
3055,neutral,deepseek-flash
3060,neutral,deepseek-flash
3058,neutral,deepseek-flash
3070,neutral,deepseek-flash
3073,neutral,deepseek-flash
3072,neutral,deepseek-flash
3056,neutral,deepseek-flash
3061,neutral,deepseek-flash
3066,neutral,deepseek-flash
3080,neutral,deepseek-flash
3062,neutral,deepseek-flash
3075,neutral,deepseek-flash
3069,neutral,deepseek-flash
3074,neutral,deepseek-flash
3079,neutral,deepseek-flash
3071,neutral,deepseek-flash
3067,neutral,deepseek-flash
3068,neutral,deepseek-flash
3081,neutral,deepseek-flash
3063,neutral,deepseek-flash
3076,neutral,deepseek-flash
3086,neutral,deepseek-flash
3094,neutral,deepseek-flash
3084,neutral,deepseek-flash
3077,neutral,deepseek-flash
3082,neutral,deepseek-flash
3078,neutral,deepseek-flash
3083,neutral,deepseek-flash
3085,neutral,deepseek-flash
3097,neutral,deepseek-flash
3088,neutral,deepseek-flash
3087,neutral,deepseek-flash
3089,neutral,deepseek-flash
3091,neutral,deepseek-flash
3090,neutral,deepseek-flash
3092,neutral,deepseek-flash
3107,neutral,deepseek-flash
3095,neutral,deepseek-flash
3099,neutral,deepseek-flash
3096,neutral,deepseek-flash
3093,neutral,deepseek-flash
3106,neutral,deepseek-flash
3110,neutral,deepseek-flash
3101,neutral,deepseek-flash
3115,positive,deepseek-flash
3103,neutral,deepseek-flash
3102,neutral,deepseek-flash
3098,neutral,deepseek-flash
3104,neutral,deepseek-flash
3119,neutral,deepseek-flash
3108,neutral,deepseek-flash
3105,neutral,deepseek-flash
3100,neutral,deepseek-flash
3109,neutral,deepseek-flash
3114,neutral,deepseek-flash
3111,neutral,deepseek-flash
3117,neutral,deepseek-flash
3112,neutral,deepseek-flash
3118,neutral,deepseek-flash
3113,neutral,deepseek-flash
3131,neutral,deepseek-flash
3122,neutral,deepseek-flash
3133,neutral,deepseek-flash
3116,neutral,deepseek-flash
3120,neutral,deepseek-flash
3129,neutral,deepseek-flash
3123,neutral,deepseek-flash
3124,neutral,deepseek-flash
3134,neutral,deepseek-flash
3125,neutral,deepseek-flash
3127,negative,deepseek-flash
3128,neutral,deepseek-flash
3137,neutral,deepseek-flash
3136,neutral,deepseek-flash
3135,neutral,deepseek-flash
3126,neutral,deepseek-flash
3130,neutral,deepseek-flash
3121,neutral,deepseek-flash
3149,neutral,deepseek-flash
3132,neutral,deepseek-flash
3146,neutral,deepseek-flash
3145,neutral,deepseek-flash
3152,neutral,deepseek-flash
3139,positive,deepseek-flash
3144,neutral,deepseek-flash
3142,neutral,deepseek-flash
3140,neutral,deepseek-flash
3141,negative,deepseek-flash
3147,neutral,deepseek-flash
3148,neutral,deepseek-flash
3143,neutral,deepseek-flash
3138,neutral,deepseek-flash
3151,neutral,deepseek-flash
3164,neutral,deepseek-flash
3163,neutral,deepseek-flash
3154,neutral,deepseek-flash
3156,neutral,deepseek-flash
3150,neutral,deepseek-flash
3170,neutral,deepseek-flash
3159,neutral,deepseek-flash
3160,neutral,deepseek-flash
3153,neutral,deepseek-flash
3157,neutral,deepseek-flash
3161,neutral,deepseek-flash
3158,neutral,deepseek-flash
3155,neutral,deepseek-flash
3162,neutral,deepseek-flash
3172,neutral,deepseek-flash
3171,neutral,deepseek-flash
3167,neutral,deepseek-flash
3165,neutral,deepseek-flash
3176,neutral,deepseek-flash
3168,neutral,deepseek-flash
3169,neutral,deepseek-flash
3180,neutral,deepseek-flash
3173,neutral,deepseek-flash
3185,neutral,deepseek-flash
3182,neutral,deepseek-flash
3192,positive,deepseek-flash
3175,neutral,deepseek-flash
3177,neutral,deepseek-flash
3179,neutral,deepseek-flash
3189,neutral,deepseek-flash
3181,neutral,deepseek-flash
3190,neutral,deepseek-flash
3183,neutral,deepseek-flash
3202,neutral,deepseek-flash
3178,neutral,deepseek-flash
3184,neutral,deepseek-flash
3166,neutral,deepseek-flash
3174,neutral,deepseek-flash
3191,neutral,deepseek-flash
3188,neutral,deepseek-flash
3186,neutral,deepseek-flash
3193,neutral,deepseek-flash
3197,neutral,deepseek-flash
3196,neutral,deepseek-flash
3195,neutral,deepseek-flash
3194,neutral,deepseek-flash
3201,neutral,deepseek-flash
3204,negative,deepseek-flash
3187,neutral,deepseek-flash
3198,neutral,deepseek-flash
3200,negative,deepseek-flash
3210,neutral,deepseek-flash
3199,neutral,deepseek-flash
3211,neutral,deepseek-flash
3203,neutral,deepseek-flash
3214,neutral,deepseek-flash
3205,neutral,deepseek-flash
3215,neutral,deepseek-flash
3217,negative,deepseek-flash
3225,neutral,deepseek-flash
3221,neutral,deepseek-flash
3209,neutral,deepseek-flash
3207,neutral,deepseek-flash
3206,neutral,deepseek-flash
3223,neutral,deepseek-flash
3208,neutral,deepseek-flash
3212,neutral,deepseek-flash
3224,neutral,deepseek-flash
3213,neutral,deepseek-flash
3218,neutral,deepseek-flash
3219,neutral,deepseek-flash
3216,neutral,deepseek-flash
3220,neutral,deepseek-flash
3231,neutral,deepseek-flash
3227,neutral,deepseek-flash
3234,neutral,deepseek-flash
3229,neutral,deepseek-flash
3222,negative,deepseek-flash
3230,neutral,deepseek-flash
3236,neutral,deepseek-flash
3244,neutral,deepseek-flash
3226,neutral,deepseek-flash
3246,neutral,deepseek-flash
3243,neutral,deepseek-flash
3232,neutral,deepseek-flash
3242,neutral,deepseek-flash
3245,neutral,deepseek-flash
3238,neutral,deepseek-flash
3256,positive,deepseek-flash
3233,neutral,deepseek-flash
3239,neutral,deepseek-flash
3237,neutral,deepseek-flash
3249,neutral,deepseek-flash
3241,neutral,deepseek-flash
3240,neutral,deepseek-flash
3228,neutral,deepseek-flash
3251,neutral,deepseek-flash
3248,neutral,deepseek-flash
3250,neutral,deepseek-flash
3247,neutral,deepseek-flash
3252,neutral,deepseek-flash
3257,neutral,deepseek-flash
3254,neutral,deepseek-flash
3253,neutral,deepseek-flash
3255,neutral,deepseek-flash
3265,neutral,deepseek-flash
3258,neutral,deepseek-flash
3259,neutral,deepseek-flash
3235,neutral,deepseek-flash
3260,neutral,deepseek-flash
3262,neutral,deepseek-flash
3261,neutral,deepseek-flash
3269,neutral,deepseek-flash
3263,neutral,deepseek-flash
3277,neutral,deepseek-flash
3270,neutral,deepseek-flash
3275,neutral,deepseek-flash
3276,neutral,deepseek-flash
3278,neutral,deepseek-flash
3279,neutral,deepseek-flash
3266,neutral,deepseek-flash
3264,neutral,deepseek-flash
3274,neutral,deepseek-flash
3272,neutral,deepseek-flash
3271,neutral,deepseek-flash
3267,neutral,deepseek-flash
3280,neutral,deepseek-flash
3268,neutral,deepseek-flash
3283,neutral,deepseek-flash
3281,negative,deepseek-flash
3289,neutral,deepseek-flash
3282,neutral,deepseek-flash
3293,neutral,deepseek-flash
3290,neutral,deepseek-flash
3292,neutral,deepseek-flash
3286,neutral,deepseek-flash
3285,neutral,deepseek-flash
3288,neutral,deepseek-flash
3298,neutral,deepseek-flash
3312,neutral,deepseek-flash
3294,neutral,deepseek-flash
3287,neutral,deepseek-flash
3295,neutral,deepseek-flash
3302,neutral,deepseek-flash
3297,neutral,deepseek-flash
3304,neutral,deepseek-flash
3284,neutral,deepseek-flash
3307,neutral,deepseek-flash
3273,neutral,deepseek-flash
3300,neutral,deepseek-flash
3291,neutral,deepseek-flash
3301,neutral,deepseek-flash
3296,neutral,deepseek-flash
3299,neutral,deepseek-flash
3308,neutral,deepseek-flash
3303,neutral,deepseek-flash
3311,neutral,deepseek-flash
3309,negative,deepseek-flash
3306,neutral,deepseek-flash
3305,neutral,deepseek-flash
3321,neutral,deepseek-flash
3316,neutral,deepseek-flash
3313,neutral,deepseek-flash
3314,neutral,deepseek-flash
3318,neutral,deepseek-flash
3310,positive,deepseek-flash
3315,neutral,deepseek-flash
3330,neutral,deepseek-flash
3329,neutral,deepseek-flash
3319,neutral,deepseek-flash
3342,neutral,deepseek-flash
3317,neutral,deepseek-flash
3320,neutral,deepseek-flash
3325,neutral,deepseek-flash
3324,neutral,deepseek-flash
3328,neutral,deepseek-flash
3323,neutral,deepseek-flash
3343,neutral,deepseek-flash
3332,neutral,deepseek-flash
3326,neutral,deepseek-flash
3335,neutral,deepseek-flash
3334,neutral,deepseek-flash
3327,neutral,deepseek-flash
3336,neutral,deepseek-flash
3338,neutral,deepseek-flash
3322,neutral,deepseek-flash
3333,neutral,deepseek-flash
3340,neutral,deepseek-flash
3339,neutral,deepseek-flash
3348,neutral,deepseek-flash
3352,neutral,deepseek-flash
3331,neutral,deepseek-flash
3337,neutral,deepseek-flash
3346,neutral,deepseek-flash
3344,neutral,deepseek-flash
3347,neutral,deepseek-flash
3356,neutral,deepseek-flash
3357,neutral,deepseek-flash
3349,neutral,deepseek-flash
3341,neutral,deepseek-flash
3345,neutral,deepseek-flash
3351,neutral,deepseek-flash
3350,neutral,deepseek-flash
3353,neutral,deepseek-flash
3354,neutral,deepseek-flash
3365,neutral,deepseek-flash
3360,neutral,deepseek-flash
3361,neutral,deepseek-flash
3383,neutral,deepseek-flash
3355,neutral,deepseek-flash
3363,neutral,deepseek-flash
3368,neutral,deepseek-flash
3362,neutral,deepseek-flash
3373,neutral,deepseek-flash
3364,neutral,deepseek-flash
3378,neutral,deepseek-flash
3366,neutral,deepseek-flash
3369,neutral,deepseek-flash
3382,neutral,deepseek-flash
3376,neutral,deepseek-flash
3377,neutral,deepseek-flash
3359,neutral,deepseek-flash
3371,neutral,deepseek-flash
3374,neutral,deepseek-flash
3358,neutral,deepseek-flash
3372,neutral,deepseek-flash
3370,neutral,deepseek-flash
3379,neutral,deepseek-flash
3380,neutral,deepseek-flash
3381,neutral,deepseek-flash
3375,neutral,deepseek-flash
3367,neutral,deepseek-flash
3386,neutral,deepseek-flash
3397,neutral,deepseek-flash
3398,neutral,deepseek-flash
3409,neutral,deepseek-flash
3401,neutral,deepseek-flash
3394,neutral,deepseek-flash
3385,neutral,deepseek-flash
3388,neutral,deepseek-flash
3387,neutral,deepseek-flash
3391,neutral,deepseek-flash
3389,neutral,deepseek-flash
3384,neutral,deepseek-flash
3392,neutral,deepseek-flash
3390,neutral,deepseek-flash
3405,negative,deepseek-flash
3408,neutral,deepseek-flash
3399,neutral,deepseek-flash
3400,neutral,deepseek-flash
3395,neutral,deepseek-flash
3404,neutral,deepseek-flash
3410,neutral,deepseek-flash
3407,neutral,deepseek-flash
3402,neutral,deepseek-flash
3412,neutral,deepseek-flash
3406,neutral,deepseek-flash
3415,neutral,deepseek-flash
3396,neutral,deepseek-flash
3414,neutral,deepseek-flash
3413,neutral,deepseek-flash
3420,neutral,deepseek-flash
3423,neutral,deepseek-flash
3411,neutral,deepseek-flash
3393,neutral,deepseek-flash
3403,neutral,deepseek-flash
3416,neutral,deepseek-flash
3417,neutral,deepseek-flash
3440,neutral,deepseek-flash
3422,neutral,deepseek-flash
3439,neutral,deepseek-flash
3424,neutral,deepseek-flash
3419,neutral,deepseek-flash
3435,neutral,deepseek-flash
3421,neutral,deepseek-flash
3418,neutral,deepseek-flash
3426,neutral,deepseek-flash
3431,neutral,deepseek-flash
3438,neutral,deepseek-flash
3434,neutral,deepseek-flash
3427,neutral,deepseek-flash
3430,neutral,deepseek-flash
3425,neutral,deepseek-flash
3429,neutral,deepseek-flash
3442,neutral,deepseek-flash
3436,neutral,deepseek-flash
3433,neutral,deepseek-flash
3428,positive,deepseek-flash
3432,neutral,deepseek-flash
3441,neutral,deepseek-flash
3437,neutral,deepseek-flash
3448,neutral,deepseek-flash
3443,neutral,deepseek-flash
3457,neutral,deepseek-flash
3444,neutral,deepseek-flash
3456,neutral,deepseek-flash
3446,negative,deepseek-flash
3459,neutral,deepseek-flash
3449,neutral,deepseek-flash
3445,neutral,deepseek-flash
3455,neutral,deepseek-flash
3461,positive,deepseek-flash
3458,neutral,deepseek-flash
3453,neutral,deepseek-flash
3450,neutral,deepseek-flash
3447,neutral,deepseek-flash
3452,neutral,deepseek-flash
3460,neutral,deepseek-flash
3468,neutral,deepseek-flash
3454,neutral,deepseek-flash
3470,neutral,deepseek-flash
3462,neutral,deepseek-flash
3464,negative,deepseek-flash
3472,neutral,deepseek-flash
3466,neutral,deepseek-flash
3465,neutral,deepseek-flash
3463,neutral,deepseek-flash
3475,neutral,deepseek-flash
3451,neutral,deepseek-flash
3473,neutral,deepseek-flash
3474,neutral,deepseek-flash
3476,neutral,deepseek-flash
3469,neutral,deepseek-flash
3478,neutral,deepseek-flash
3471,neutral,deepseek-flash
3485,neutral,deepseek-flash
3480,neutral,deepseek-flash
3477,neutral,deepseek-flash
3490,negative,deepseek-flash
3484,neutral,deepseek-flash
3481,neutral,deepseek-flash
3489,neutral,deepseek-flash
3486,neutral,deepseek-flash
3492,neutral,deepseek-flash
3482,neutral,deepseek-flash
3494,neutral,deepseek-flash
3479,neutral,deepseek-flash
3487,neutral,deepseek-flash
3493,neutral,deepseek-flash
3483,negative,deepseek-flash
3496,neutral,deepseek-flash
3488,neutral,deepseek-flash
3491,neutral,deepseek-flash
3501,neutral,deepseek-flash
3495,neutral,deepseek-flash
3507,neutral,deepseek-flash
3502,neutral,deepseek-flash
3497,neutral,deepseek-flash
3504,neutral,deepseek-flash
3499,neutral,deepseek-flash
3506,neutral,deepseek-flash
3517,neutral,deepseek-flash
3467,neutral,deepseek-flash
3500,neutral,deepseek-flash
3521,neutral,deepseek-flash
3498,neutral,deepseek-flash
3519,neutral,deepseek-flash
3510,neutral,deepseek-flash
3503,neutral,deepseek-flash
3505,neutral,deepseek-flash
3512,neutral,deepseek-flash
3515,neutral,deepseek-flash
3509,neutral,deepseek-flash
3520,neutral,deepseek-flash
3522,neutral,deepseek-flash
3523,neutral,deepseek-flash
3511,neutral,deepseek-flash
3508,neutral,deepseek-flash
3513,neutral,deepseek-flash
3516,neutral,deepseek-flash
3514,neutral,deepseek-flash
3526,neutral,deepseek-flash
3518,neutral,deepseek-flash
3525,negative,deepseek-flash
3527,neutral,deepseek-flash
3524,positive,deepseek-flash
3533,neutral,deepseek-flash
3532,neutral,deepseek-flash
3537,neutral,deepseek-flash
3542,neutral,deepseek-flash
3528,neutral,deepseek-flash
3559,neutral,deepseek-flash
3529,neutral,deepseek-flash
3534,neutral,deepseek-flash
3540,neutral,deepseek-flash
3544,neutral,deepseek-flash
3536,neutral,deepseek-flash
3538,neutral,deepseek-flash
3530,neutral,deepseek-flash
3549,positive,deepseek-flash
3539,neutral,deepseek-flash
3531,neutral,deepseek-flash
3535,negative,deepseek-flash
3541,neutral,deepseek-flash
3547,neutral,deepseek-flash
3543,neutral,deepseek-flash
3546,neutral,deepseek-flash
3554,neutral,deepseek-flash
3550,neutral,deepseek-flash
3552,neutral,deepseek-flash
3551,neutral,deepseek-flash
3553,neutral,deepseek-flash
3556,neutral,deepseek-flash
3560,neutral,deepseek-flash
3548,neutral,deepseek-flash
3545,neutral,deepseek-flash
3557,neutral,deepseek-flash
3564,negative,deepseek-flash
3561,neutral,deepseek-flash
3581,neutral,deepseek-flash
3555,neutral,deepseek-flash
3567,neutral,deepseek-flash
3571,neutral,deepseek-flash
3579,neutral,deepseek-flash
3580,neutral,deepseek-flash
3578,negative,deepseek-flash
3566,neutral,deepseek-flash
3570,neutral,deepseek-flash
3572,neutral,deepseek-flash
3576,neutral,deepseek-flash
3562,neutral,deepseek-flash
3558,neutral,deepseek-flash
3573,neutral,deepseek-flash
3568,neutral,deepseek-flash
3569,neutral,deepseek-flash
3563,neutral,deepseek-flash
3565,negative,deepseek-flash
3577,neutral,deepseek-flash
3592,neutral,deepseek-flash
3575,neutral,deepseek-flash
3583,neutral,deepseek-flash
3595,negative,deepseek-flash
3574,neutral,deepseek-flash
3586,neutral,deepseek-flash
3589,neutral,deepseek-flash
3600,neutral,deepseek-flash
3584,neutral,deepseek-flash
3582,negative,deepseek-flash
3588,neutral,deepseek-flash
3594,neutral,deepseek-flash
3590,neutral,deepseek-flash
3599,neutral,deepseek-flash
3601,neutral,deepseek-flash
3598,neutral,deepseek-flash
3585,neutral,deepseek-flash
3587,neutral,deepseek-flash
3608,neutral,deepseek-flash
3591,neutral,deepseek-flash
3607,neutral,deepseek-flash
3618,neutral,deepseek-flash
3597,neutral,deepseek-flash
3596,neutral,deepseek-flash
3593,neutral,deepseek-flash
3611,neutral,deepseek-flash
3604,neutral,deepseek-flash
3605,neutral,deepseek-flash
3603,neutral,deepseek-flash
3602,neutral,deepseek-flash
3609,neutral,deepseek-flash
3606,positive,deepseek-flash
3620,neutral,deepseek-flash
3621,neutral,deepseek-flash
3615,neutral,deepseek-flash
3610,neutral,deepseek-flash
3614,negative,deepseek-flash
3613,neutral,deepseek-flash
3623,neutral,deepseek-flash
3612,neutral,deepseek-flash
3625,negative,deepseek-flash
3622,neutral,deepseek-flash
3624,neutral,deepseek-flash
3617,neutral,deepseek-flash
3626,neutral,deepseek-flash
3619,neutral,deepseek-flash
3616,neutral,deepseek-flash
3634,neutral,deepseek-flash
3632,neutral,deepseek-flash
3631,neutral,deepseek-flash
3629,neutral,deepseek-flash
3627,neutral,deepseek-flash
3636,neutral,deepseek-flash
3628,neutral,deepseek-flash
3630,neutral,deepseek-flash
3633,neutral,deepseek-flash
3635,neutral,deepseek-flash
3641,neutral,deepseek-flash
3639,neutral,deepseek-flash
3638,neutral,deepseek-flash
3646,neutral,deepseek-flash
3644,neutral,deepseek-flash
3637,neutral,deepseek-flash
3642,neutral,deepseek-flash
3640,neutral,deepseek-flash
3647,neutral,deepseek-flash
3643,neutral,deepseek-flash
3649,neutral,deepseek-flash
3658,neutral,deepseek-flash
3651,neutral,deepseek-flash
3645,neutral,deepseek-flash
3650,neutral,deepseek-flash
3655,neutral,deepseek-flash
3659,neutral,deepseek-flash
3653,neutral,deepseek-flash
3654,neutral,deepseek-flash
3656,neutral,deepseek-flash
3660,neutral,deepseek-flash
3648,neutral,deepseek-flash
3664,neutral,deepseek-flash
3657,neutral,deepseek-flash
3652,neutral,deepseek-flash
3663,neutral,deepseek-flash
3665,neutral,deepseek-flash
3667,neutral,deepseek-flash
3666,neutral,deepseek-flash
3668,neutral,deepseek-flash
3669,neutral,deepseek-flash
3674,neutral,deepseek-flash
3662,neutral,deepseek-flash
3661,neutral,deepseek-flash
3671,neutral,deepseek-flash
3670,neutral,deepseek-flash
3672,neutral,deepseek-flash
3675,neutral,deepseek-flash
3673,neutral,deepseek-flash
3680,neutral,deepseek-flash
3681,neutral,deepseek-flash
3677,neutral,deepseek-flash
3679,neutral,deepseek-flash
3683,neutral,deepseek-flash
3678,neutral,deepseek-flash
3690,neutral,deepseek-flash
3676,neutral,deepseek-flash
3698,neutral,deepseek-flash
3691,negative,deepseek-flash
3682,negative,deepseek-flash
3696,neutral,deepseek-flash
3693,neutral,deepseek-flash
3688,neutral,deepseek-flash
3684,neutral,deepseek-flash
3686,neutral,deepseek-flash
3687,neutral,deepseek-flash
3699,neutral,deepseek-flash
3697,neutral,deepseek-flash
3692,neutral,deepseek-flash
3689,neutral,deepseek-flash
3705,neutral,deepseek-flash
3702,neutral,deepseek-flash
3708,neutral,deepseek-flash
3695,neutral,deepseek-flash
3709,negative,deepseek-flash
3703,neutral,deepseek-flash
3694,neutral,deepseek-flash
3701,neutral,deepseek-flash
3685,neutral,deepseek-flash
3700,neutral,deepseek-flash
3707,neutral,deepseek-flash
3713,neutral,deepseek-flash
3706,neutral,deepseek-flash
3704,neutral,deepseek-flash
3712,neutral,deepseek-flash
3722,neutral,deepseek-flash
3711,neutral,deepseek-flash
3717,neutral,deepseek-flash
3729,neutral,deepseek-flash
3721,neutral,deepseek-flash
3716,neutral,deepseek-flash
3728,neutral,deepseek-flash
3726,neutral,deepseek-flash
3715,neutral,deepseek-flash
3718,positive,deepseek-flash
3723,neutral,deepseek-flash
3710,neutral,deepseek-flash
3720,neutral,deepseek-flash
3724,neutral,deepseek-flash
3714,neutral,deepseek-flash
3719,neutral,deepseek-flash
3732,neutral,deepseek-flash
3745,neutral,deepseek-flash
3734,neutral,deepseek-flash
3735,neutral,deepseek-flash
3727,neutral,deepseek-flash
3739,neutral,deepseek-flash
3736,neutral,deepseek-flash
3730,neutral,deepseek-flash
3738,neutral,deepseek-flash
3737,neutral,deepseek-flash
3733,neutral,deepseek-flash
3731,neutral,deepseek-flash
3725,neutral,deepseek-flash
3740,neutral,deepseek-flash
3743,neutral,deepseek-flash
3747,neutral,deepseek-flash
3742,neutral,deepseek-flash
3750,neutral,deepseek-flash
3744,neutral,deepseek-flash
3746,neutral,deepseek-flash
3741,neutral,deepseek-flash
3748,neutral,deepseek-flash
3749,neutral,deepseek-flash
3754,neutral,deepseek-flash
3753,neutral,deepseek-flash
3762,neutral,deepseek-flash
3751,neutral,deepseek-flash
3763,neutral,deepseek-flash
3767,neutral,deepseek-flash
3755,neutral,deepseek-flash
3752,neutral,deepseek-flash
3759,neutral,deepseek-flash
3757,neutral,deepseek-flash
3756,neutral,deepseek-flash
3760,negative,deepseek-flash
3758,neutral,deepseek-flash
3761,neutral,deepseek-flash
3764,neutral,deepseek-flash
3766,neutral,deepseek-flash
3765,neutral,deepseek-flash
3771,neutral,deepseek-flash
3770,neutral,deepseek-flash
3769,neutral,deepseek-flash
3768,neutral,deepseek-flash
3772,neutral,deepseek-flash
3773,neutral,deepseek-flash
3782,negative,deepseek-flash
3779,neutral,deepseek-flash
3780,neutral,deepseek-flash
3783,neutral,deepseek-flash
3774,neutral,deepseek-flash
3784,neutral,deepseek-flash
3778,neutral,deepseek-flash
3775,neutral,deepseek-flash
3777,neutral,deepseek-flash
3776,negative,deepseek-flash
3794,neutral,deepseek-flash
3787,neutral,deepseek-flash
3781,neutral,deepseek-flash
3792,neutral,deepseek-flash
3793,neutral,deepseek-flash
3791,neutral,deepseek-flash
3785,neutral,deepseek-flash
3790,neutral,deepseek-flash
3800,positive,deepseek-flash
3786,neutral,deepseek-flash
3789,neutral,deepseek-flash
3795,neutral,deepseek-flash
3798,neutral,deepseek-flash
3796,neutral,deepseek-flash
3807,neutral,deepseek-flash
3797,neutral,deepseek-flash
3788,neutral,deepseek-flash
3806,neutral,deepseek-flash
3799,neutral,deepseek-flash
3808,neutral,deepseek-flash
3804,neutral,deepseek-flash
3809,neutral,deepseek-flash
3810,neutral,deepseek-flash
3803,neutral,deepseek-flash
3814,neutral,deepseek-flash
3802,neutral,deepseek-flash
3811,neutral,deepseek-flash
3801,neutral,deepseek-flash
3812,negative,deepseek-flash
3805,neutral,deepseek-flash
3813,neutral,deepseek-flash
3815,neutral,deepseek-flash
3816,neutral,deepseek-flash
3833,neutral,deepseek-flash
3817,neutral,deepseek-flash
3824,neutral,deepseek-flash
3834,neutral,deepseek-flash
3822,neutral,deepseek-flash
3821,neutral,deepseek-flash
3818,neutral,deepseek-flash
3819,neutral,deepseek-flash
3826,neutral,deepseek-flash
3828,neutral,deepseek-flash
3820,neutral,deepseek-flash
3832,neutral,deepseek-flash
3825,neutral,deepseek-flash
3829,neutral,deepseek-flash
3827,neutral,deepseek-flash
3830,neutral,deepseek-flash
3823,neutral,deepseek-flash
3831,neutral,deepseek-flash
3836,neutral,deepseek-flash
3844,neutral,deepseek-flash
3860,neutral,deepseek-flash
3835,neutral,deepseek-flash
3837,neutral,deepseek-flash
3838,neutral,deepseek-flash
3863,neutral,deepseek-flash
3839,neutral,deepseek-flash
3841,neutral,deepseek-flash
3845,neutral,deepseek-flash
3843,neutral,deepseek-flash
3856,neutral,deepseek-flash
3858,neutral,deepseek-flash
3849,neutral,deepseek-flash
3848,neutral,deepseek-flash
3840,neutral,deepseek-flash
3853,neutral,deepseek-flash
3847,neutral,deepseek-flash
3857,neutral,deepseek-flash
3842,neutral,deepseek-flash
3850,neutral,deepseek-flash
3852,neutral,deepseek-flash
3854,neutral,deepseek-flash
3851,neutral,deepseek-flash
3846,neutral,deepseek-flash
3862,neutral,deepseek-flash
3855,neutral,deepseek-flash
3859,neutral,deepseek-flash
3864,negative,deepseek-flash
3861,neutral,deepseek-flash
3867,neutral,deepseek-flash
3874,neutral,deepseek-flash
3865,neutral,deepseek-flash
3879,neutral,deepseek-flash
3891,negative,deepseek-flash
3890,neutral,deepseek-flash
3871,neutral,deepseek-flash
3866,neutral,deepseek-flash
3868,neutral,deepseek-flash
3873,neutral,deepseek-flash
3870,neutral,deepseek-flash
3887,neutral,deepseek-flash
3872,neutral,deepseek-flash
3883,neutral,deepseek-flash
3885,neutral,deepseek-flash
3886,neutral,deepseek-flash
3889,negative,deepseek-flash
3869,neutral,deepseek-flash
3876,neutral,deepseek-flash
3882,positive,deepseek-flash
3881,neutral,deepseek-flash
3884,neutral,deepseek-flash
3877,neutral,deepseek-flash
3875,neutral,deepseek-flash
3880,neutral,deepseek-flash
3888,neutral,deepseek-flash
3894,neutral,deepseek-flash
3878,neutral,deepseek-flash
3897,neutral,deepseek-flash
3895,neutral,deepseek-flash
3893,neutral,deepseek-flash
3892,neutral,deepseek-flash
3896,neutral,deepseek-flash
3900,neutral,deepseek-flash
3899,neutral,deepseek-flash
3901,neutral,deepseek-flash
3903,neutral,deepseek-flash
3898,negative,deepseek-flash
3904,neutral,deepseek-flash
3919,neutral,deepseek-flash
3909,neutral,deepseek-flash
3917,neutral,deepseek-flash
3914,neutral,deepseek-flash
3902,negative,deepseek-flash
3915,neutral,deepseek-flash
3906,neutral,deepseek-flash
3905,neutral,deepseek-flash
3907,neutral,deepseek-flash
3924,neutral,deepseek-flash
3908,neutral,deepseek-flash
3911,neutral,deepseek-flash
3910,neutral,deepseek-flash
3926,neutral,deepseek-flash
3920,neutral,deepseek-flash
3913,neutral,deepseek-flash
3912,neutral,deepseek-flash
3916,neutral,deepseek-flash
3922,neutral,deepseek-flash
3931,neutral,deepseek-flash
3921,neutral,deepseek-flash
3923,neutral,deepseek-flash
3918,neutral,deepseek-flash
3925,neutral,deepseek-flash
3927,neutral,deepseek-flash
3929,neutral,deepseek-flash
3928,neutral,deepseek-flash
3933,neutral,deepseek-flash
3944,positive,deepseek-flash
3930,neutral,deepseek-flash
3935,neutral,deepseek-flash
3934,neutral,deepseek-flash
3940,neutral,deepseek-flash
3942,neutral,deepseek-flash
3939,neutral,deepseek-flash
3937,neutral,deepseek-flash
3947,neutral,deepseek-flash
3949,neutral,deepseek-flash
3946,neutral,deepseek-flash
3941,neutral,deepseek-flash
3932,neutral,deepseek-flash
3936,negative,deepseek-flash
3954,neutral,deepseek-flash
3938,neutral,deepseek-flash
3958,neutral,deepseek-flash
3943,neutral,deepseek-flash
3948,neutral,deepseek-flash
3945,neutral,deepseek-flash
3953,neutral,deepseek-flash
3950,neutral,deepseek-flash
3955,neutral,deepseek-flash
3951,neutral,deepseek-flash
3952,neutral,deepseek-flash
3956,neutral,deepseek-flash
3957,neutral,deepseek-flash
3960,neutral,deepseek-flash
3959,neutral,deepseek-flash
3961,neutral,deepseek-flash
3972,neutral,deepseek-flash
3963,neutral,deepseek-flash
3965,neutral,deepseek-flash
3962,neutral,deepseek-flash
3966,neutral,deepseek-flash
3964,neutral,deepseek-flash
3967,neutral,deepseek-flash
3971,neutral,deepseek-flash
3969,neutral,deepseek-flash
3976,neutral,deepseek-flash
3970,neutral,deepseek-flash
3975,positive,deepseek-flash
3973,neutral,deepseek-flash
3979,negative,deepseek-flash
3985,negative,deepseek-flash
3977,neutral,deepseek-flash
3981,negative,deepseek-flash
3978,neutral,deepseek-flash
3982,negative,deepseek-flash
3974,neutral,deepseek-flash
3980,neutral,deepseek-flash
3986,negative,deepseek-flash
3984,negative,deepseek-flash
3990,negative,deepseek-flash
3983,neutral,deepseek-flash
3988,negative,deepseek-flash
3989,negative,deepseek-flash
3987,negative,deepseek-flash
3996,negative,deepseek-flash
3998,negative,deepseek-flash
4008,negative,deepseek-flash
3993,neutral,deepseek-flash
3991,negative,deepseek-flash
3995,negative,deepseek-flash
3992,negative,deepseek-flash
4015,neutral,deepseek-flash
4003,negative,deepseek-flash
4009,negative,deepseek-flash
4000,negative,deepseek-flash
4006,negative,deepseek-flash
4007,negative,deepseek-flash
3999,negative,deepseek-flash
4004,negative,deepseek-flash
4005,negative,deepseek-flash
4010,negative,deepseek-flash
4012,negative,deepseek-flash
3968,neutral,deepseek-flash
4020,negative,deepseek-flash
4016,negative,deepseek-flash
4002,negative,deepseek-flash
4001,neutral,deepseek-flash
3994,neutral,deepseek-flash
4019,negative,deepseek-flash
4023,negative,deepseek-flash
4027,negative,deepseek-flash
4029,negative,deepseek-flash
3997,neutral,deepseek-flash
4014,negative,deepseek-flash
4028,negative,deepseek-flash
4026,negative,deepseek-flash
4024,negative,deepseek-flash
4035,negative,deepseek-flash
4032,neutral,deepseek-flash
4025,negative,deepseek-flash
4033,negative,deepseek-flash
4011,negative,deepseek-flash
4030,negative,deepseek-flash
4018,negative,deepseek-flash
4036,negative,deepseek-flash
4040,negative,deepseek-flash
4037,negative,deepseek-flash
4021,negative,deepseek-flash
4022,negative,deepseek-flash
4031,negative,deepseek-flash
4034,negative,deepseek-flash
4044,neutral,deepseek-flash
4049,negative,deepseek-flash
4039,neutral,deepseek-flash
4013,negative,deepseek-flash
4042,negative,deepseek-flash
4052,negative,deepseek-flash
4048,negative,deepseek-flash
4051,negative,deepseek-flash
4017,negative,deepseek-flash
4038,neutral,deepseek-flash
4053,negative,deepseek-flash
4058,negative,deepseek-flash
4054,negative,deepseek-flash
4057,negative,deepseek-flash
4045,negative,deepseek-flash
4050,negative,deepseek-flash
4047,negative,deepseek-flash
4059,negative,deepseek-flash
4056,negative,deepseek-flash
4062,negative,deepseek-flash
4060,negative,deepseek-flash
4079,neutral,deepseek-flash
4072,positive,deepseek-flash
4068,negative,deepseek-flash
4073,positive,deepseek-flash
4063,negative,deepseek-flash
4055,negative,deepseek-flash
4071,positive,deepseek-flash
4046,negative,deepseek-flash
4061,negative,deepseek-flash
4041,negative,deepseek-flash
4075,neutral,deepseek-flash
4043,neutral,deepseek-flash
4065,negative,deepseek-flash
4066,negative,deepseek-flash
4074,positive,deepseek-flash
4069,negative,deepseek-flash
4076,neutral,deepseek-flash
4080,neutral,deepseek-flash
4077,positive,deepseek-flash
4064,negative,deepseek-flash
4084,positive,deepseek-flash
4067,negative,deepseek-flash
4085,positive,deepseek-flash
4091,positive,deepseek-flash
4070,negative,deepseek-flash
4086,positive,deepseek-flash
4083,neutral,deepseek-flash
4082,neutral,deepseek-flash
4078,neutral,deepseek-flash
4087,positive,deepseek-flash
4081,positive,deepseek-flash
4108,neutral,deepseek-flash
4097,neutral,deepseek-flash
4096,neutral,deepseek-flash
4088,positive,deepseek-flash
4089,neutral,deepseek-flash
4090,positive,deepseek-flash
4092,neutral,deepseek-flash
4093,positive,deepseek-flash
4105,neutral,deepseek-flash
4099,neutral,deepseek-flash
4106,neutral,deepseek-flash
4102,neutral,deepseek-flash
4103,neutral,deepseek-flash
4100,negative,deepseek-flash
4094,positive,deepseek-flash
4098,neutral,deepseek-flash
4104,neutral,deepseek-flash
4095,neutral,deepseek-flash
4109,negative,deepseek-flash
4110,neutral,deepseek-flash
4101,neutral,deepseek-flash
4107,negative,deepseek-flash
4113,neutral,deepseek-flash
4118,negative,deepseek-flash
4114,neutral,deepseek-flash
4112,neutral,deepseek-flash
4117,neutral,deepseek-flash
4115,neutral,deepseek-flash
4119,neutral,deepseek-flash
4116,neutral,deepseek-flash
4122,neutral,deepseek-flash
4123,neutral,deepseek-flash
4125,neutral,deepseek-flash
4124,neutral,deepseek-flash
4121,neutral,deepseek-flash
4126,neutral,deepseek-flash
4129,neutral,deepseek-flash
4127,neutral,deepseek-flash
4140,neutral,deepseek-flash
4131,negative,deepseek-flash
4141,neutral,deepseek-flash
4139,neutral,deepseek-flash
4138,neutral,deepseek-flash
4130,neutral,deepseek-flash
4137,neutral,deepseek-flash
4136,neutral,deepseek-flash
4134,neutral,deepseek-flash
4120,neutral,deepseek-flash
4133,neutral,deepseek-flash
4135,neutral,deepseek-flash
4111,neutral,deepseek-flash
4142,negative,deepseek-flash
4143,neutral,deepseek-flash
4144,negative,deepseek-flash
4145,neutral,deepseek-flash
4132,neutral,deepseek-flash
4128,negative,deepseek-flash
4148,neutral,deepseek-flash
4147,neutral,deepseek-flash
4146,negative,deepseek-flash
4151,neutral,deepseek-flash
4150,neutral,deepseek-flash
4149,negative,deepseek-flash
4164,neutral,deepseek-flash
4167,neutral,deepseek-flash
4153,negative,deepseek-flash
4152,neutral,deepseek-flash
4154,negative,deepseek-flash
4168,neutral,deepseek-flash
4160,neutral,deepseek-flash
4157,negative,deepseek-flash
4156,neutral,deepseek-flash
4165,negative,deepseek-flash
4158,neutral,deepseek-flash
4155,negative,deepseek-flash
4170,neutral,deepseek-flash
4169,negative,deepseek-flash
4171,negative,deepseek-flash
4172,neutral,deepseek-flash
4161,neutral,deepseek-flash
4163,neutral,deepseek-flash
4159,neutral,deepseek-flash
4162,neutral,deepseek-flash
4177,negative,deepseek-flash
4175,neutral,deepseek-flash
4173,neutral,deepseek-flash
4176,neutral,deepseek-flash
4174,neutral,deepseek-flash
4179,neutral,deepseek-flash
4178,neutral,deepseek-flash
4166,neutral,deepseek-flash
4186,neutral,deepseek-flash
4180,neutral,deepseek-flash
4182,neutral,deepseek-flash
4183,neutral,deepseek-flash
4197,negative,deepseek-flash
4181,neutral,deepseek-flash
4184,negative,deepseek-flash
4185,neutral,deepseek-flash
4187,neutral,deepseek-flash
4192,negative,deepseek-flash
4200,neutral,deepseek-flash
4191,negative,deepseek-flash
4189,neutral,deepseek-flash
4190,neutral,deepseek-flash
4193,neutral,deepseek-flash
4195,neutral,deepseek-flash
4194,neutral,deepseek-flash
4201,neutral,deepseek-flash
4196,neutral,deepseek-flash
4203,neutral,deepseek-flash
4198,negative,deepseek-flash
4202,neutral,deepseek-flash
4188,negative,deepseek-flash
4199,negative,deepseek-flash
4211,negative,deepseek-flash
4207,negative,deepseek-flash
4205,negative,deepseek-flash
4210,neutral,deepseek-flash
4208,neutral,deepseek-flash
4219,neutral,deepseek-flash
4212,neutral,deepseek-flash
4204,neutral,deepseek-flash
4213,negative,deepseek-flash
4206,neutral,deepseek-flash
4227,neutral,deepseek-flash
4209,negative,deepseek-flash
4220,neutral,deepseek-flash
4217,negative,deepseek-flash
4215,neutral,deepseek-flash
4221,neutral,deepseek-flash
4216,neutral,deepseek-flash
4222,neutral,deepseek-flash
4214,neutral,deepseek-flash
4218,neutral,deepseek-flash
4225,negative,deepseek-flash
4234,neutral,deepseek-flash
4226,neutral,deepseek-flash
4228,neutral,deepseek-flash
4223,neutral,deepseek-flash
4224,neutral,deepseek-flash
4229,neutral,deepseek-flash
4231,neutral,deepseek-flash
4230,neutral,deepseek-flash
4235,neutral,deepseek-flash
4239,neutral,deepseek-flash
4238,neutral,deepseek-flash
4252,negative,deepseek-flash
4233,neutral,deepseek-flash
4243,neutral,deepseek-flash
4245,neutral,deepseek-flash
4249,neutral,deepseek-flash
4232,neutral,deepseek-flash
4241,neutral,deepseek-flash
4236,neutral,deepseek-flash
4240,negative,deepseek-flash
4248,neutral,deepseek-flash
4247,neutral,deepseek-flash
4250,neutral,deepseek-flash
4242,neutral,deepseek-flash
4237,neutral,deepseek-flash
4246,neutral,deepseek-flash
4244,neutral,deepseek-flash
4253,neutral,deepseek-flash
4254,negative,deepseek-flash
4251,neutral,deepseek-flash
4261,negative,deepseek-flash
4258,neutral,deepseek-flash
4259,neutral,deepseek-flash
4255,negative,deepseek-flash
4257,neutral,deepseek-flash
4260,neutral,deepseek-flash
4267,neutral,deepseek-flash
4273,neutral,deepseek-flash
4264,negative,deepseek-flash
4262,neutral,deepseek-flash
4278,neutral,deepseek-flash
4263,negative,deepseek-flash
4266,neutral,deepseek-flash
4274,negative,deepseek-flash
4265,positive,deepseek-flash
4272,neutral,deepseek-flash
4256,neutral,deepseek-flash
4269,neutral,deepseek-flash
4271,neutral,deepseek-flash
4279,neutral,deepseek-flash
4277,negative,deepseek-flash
4276,negative,deepseek-flash
4268,neutral,deepseek-flash
4275,negative,deepseek-flash
4270,neutral,deepseek-flash
4280,neutral,deepseek-flash
4281,negative,deepseek-flash
4289,neutral,deepseek-flash
4285,neutral,deepseek-flash
4284,neutral,deepseek-flash
4287,neutral,deepseek-flash
4283,neutral,deepseek-flash
4282,negative,deepseek-flash
4292,neutral,deepseek-flash
4288,neutral,deepseek-flash
4286,neutral,deepseek-flash
4290,neutral,deepseek-flash
4291,negative,deepseek-flash
4306,neutral,deepseek-flash
4297,neutral,deepseek-flash
4311,neutral,deepseek-flash
4295,neutral,deepseek-flash
4293,neutral,deepseek-flash
4294,neutral,deepseek-flash
4296,neutral,deepseek-flash
4305,neutral,deepseek-flash
4304,neutral,deepseek-flash
4301,neutral,deepseek-flash
4300,negative,deepseek-flash
4298,neutral,deepseek-flash
4303,neutral,deepseek-flash
4314,neutral,deepseek-flash
4302,neutral,deepseek-flash
4299,neutral,deepseek-flash
4310,neutral,deepseek-flash
4307,neutral,deepseek-flash
4309,neutral,deepseek-flash
4312,negative,deepseek-flash
4315,positive,deepseek-flash
4328,neutral,deepseek-flash
4313,neutral,deepseek-flash
4316,neutral,deepseek-flash
4324,neutral,deepseek-flash
4320,negative,deepseek-flash
4308,neutral,deepseek-flash
4317,neutral,deepseek-flash
4318,negative,deepseek-flash
4325,negative,deepseek-flash
4319,negative,deepseek-flash
4322,neutral,deepseek-flash
4330,neutral,deepseek-flash
4321,negative,deepseek-flash
4331,neutral,deepseek-flash
4327,negative,deepseek-flash
4323,neutral,deepseek-flash
4329,neutral,deepseek-flash
4326,neutral,deepseek-flash
4338,neutral,deepseek-flash
4336,neutral,deepseek-flash
4333,neutral,deepseek-flash
4346,negative,deepseek-flash
4334,neutral,deepseek-flash
4332,negative,deepseek-flash
4340,neutral,deepseek-flash
4339,neutral,deepseek-flash
4335,neutral,deepseek-flash
4337,neutral,deepseek-flash
4343,neutral,deepseek-flash
4344,neutral,deepseek-flash
4342,neutral,deepseek-flash
4348,neutral,deepseek-flash
4349,neutral,deepseek-flash
4347,neutral,deepseek-flash
4345,neutral,deepseek-flash
4350,negative,deepseek-flash
4354,neutral,deepseek-flash
4341,neutral,deepseek-flash
4352,neutral,deepseek-flash
4351,neutral,deepseek-flash
4363,negative,deepseek-flash
4356,negative,deepseek-flash
4353,neutral,deepseek-flash
4357,neutral,deepseek-flash
4360,neutral,deepseek-flash
4361,neutral,deepseek-flash
4370,negative,deepseek-flash
4371,negative,deepseek-flash
4355,neutral,deepseek-flash
4362,neutral,deepseek-flash
4359,neutral,deepseek-flash
4365,negative,deepseek-flash
4368,neutral,deepseek-flash
4366,negative,deepseek-flash
4374,neutral,deepseek-flash
4367,negative,deepseek-flash
4375,negative,deepseek-flash
4364,negative,deepseek-flash
4358,neutral,deepseek-flash
4373,negative,deepseek-flash
4377,negative,deepseek-flash
4369,negative,deepseek-flash
4380,neutral,deepseek-flash
4383,neutral,deepseek-flash
4386,negative,deepseek-flash
4382,negative,deepseek-flash
4372,neutral,deepseek-flash
4376,negative,deepseek-flash
4378,negative,deepseek-flash
4379,negative,deepseek-flash
4385,negative,deepseek-flash
4381,negative,deepseek-flash
4400,negative,deepseek-flash
4387,negative,deepseek-flash
4388,neutral,deepseek-flash
4392,negative,deepseek-flash
4389,negative,deepseek-flash
4399,negative,deepseek-flash
4398,neutral,deepseek-flash
4396,negative,deepseek-flash
4393,negative,deepseek-flash
4403,negative,deepseek-flash
4391,negative,deepseek-flash
4410,negative,deepseek-flash
4394,neutral,deepseek-flash
4412,negative,deepseek-flash
4395,negative,deepseek-flash
4404,neutral,deepseek-flash
4397,neutral,deepseek-flash
4402,negative,deepseek-flash
4384,negative,deepseek-flash
4390,negative,deepseek-flash
4406,negative,deepseek-flash
4409,negative,deepseek-flash
4411,negative,deepseek-flash
4414,negative,deepseek-flash
4407,negative,deepseek-flash
4401,negative,deepseek-flash
4408,negative,deepseek-flash
4415,negative,deepseek-flash
4418,negative,deepseek-flash
4416,negative,deepseek-flash
4405,negative,deepseek-flash
4417,negative,deepseek-flash
4424,neutral,deepseek-flash
4413,negative,deepseek-flash
4428,negative,deepseek-flash
4422,negative,deepseek-flash
4430,neutral,deepseek-flash
4420,negative,deepseek-flash
4421,negative,deepseek-flash
4427,neutral,deepseek-flash
4426,negative,deepseek-flash
4419,negative,deepseek-flash
4423,positive,deepseek-flash
4434,negative,deepseek-flash
4431,neutral,deepseek-flash
4436,negative,deepseek-flash
4442,negative,deepseek-flash
4425,negative,deepseek-flash
4432,neutral,deepseek-flash
4438,negative,deepseek-flash
4437,negative,deepseek-flash
4435,negative,deepseek-flash
4444,negative,deepseek-flash
4433,negative,deepseek-flash
4429,negative,deepseek-flash
4450,positive,deepseek-flash
4439,negative,deepseek-flash
4440,negative,deepseek-flash
4445,negative,deepseek-flash
4443,negative,deepseek-flash
4449,positive,deepseek-flash
4453,positive,deepseek-flash
4451,neutral,deepseek-flash
4441,negative,deepseek-flash
4446,neutral,deepseek-flash
4458,neutral,deepseek-flash
4454,positive,deepseek-flash
4452,positive,deepseek-flash
4447,positive,deepseek-flash
4448,positive,deepseek-flash
4456,neutral,deepseek-flash
4465,neutral,deepseek-flash
4455,positive,deepseek-flash
4457,neutral,deepseek-flash
4466,neutral,deepseek-flash
4460,positive,deepseek-flash
4461,positive,deepseek-flash
4463,positive,deepseek-flash
4459,neutral,deepseek-flash
4468,neutral,deepseek-flash
4471,neutral,deepseek-flash
4464,positive,deepseek-flash
4467,neutral,deepseek-flash
4462,positive,deepseek-flash
4475,neutral,deepseek-flash
4474,neutral,deepseek-flash
4473,neutral,deepseek-flash
4472,neutral,deepseek-flash
4469,neutral,deepseek-flash
4488,positive,deepseek-flash
4476,neutral,deepseek-flash
4480,neutral,deepseek-flash
4487,positive,deepseek-flash
4483,neutral,deepseek-flash
4470,neutral,deepseek-flash
4493,positive,deepseek-flash
4482,neutral,deepseek-flash
4478,neutral,deepseek-flash
4477,neutral,deepseek-flash
4481,neutral,deepseek-flash
4484,neutral,deepseek-flash
4485,positive,deepseek-flash
4495,neutral,deepseek-flash
4489,positive,deepseek-flash
4499,neutral,deepseek-flash
4494,neutral,deepseek-flash
4479,neutral,deepseek-flash
4486,negative,deepseek-flash
4496,neutral,deepseek-flash
4491,positive,deepseek-flash
4504,neutral,deepseek-flash
4492,neutral,deepseek-flash
4490,positive,deepseek-flash
4501,neutral,deepseek-flash
4506,negative,deepseek-flash
4520,neutral,deepseek-flash
4498,neutral,deepseek-flash
4507,neutral,deepseek-flash
4502,negative,deepseek-flash
4497,neutral,deepseek-flash
4500,neutral,deepseek-flash
4503,neutral,deepseek-flash
4505,neutral,deepseek-flash
4512,neutral,deepseek-flash
4521,negative,deepseek-flash
4514,neutral,deepseek-flash
4519,neutral,deepseek-flash
4516,negative,deepseek-flash
4528,positive,deepseek-flash
4524,neutral,deepseek-flash
4511,neutral,deepseek-flash
4513,neutral,deepseek-flash
4517,neutral,deepseek-flash
4508,neutral,deepseek-flash
4515,neutral,deepseek-flash
4530,neutral,deepseek-flash
4518,neutral,deepseek-flash
4525,negative,deepseek-flash
4532,negative,deepseek-flash
4509,neutral,deepseek-flash
4510,neutral,deepseek-flash
4523,negative,deepseek-flash
4527,negative,deepseek-flash
4522,negative,deepseek-flash
4529,neutral,deepseek-flash
4531,neutral,deepseek-flash
4533,positive,deepseek-flash
4550,neutral,deepseek-flash
4548,negative,deepseek-flash
4535,neutral,deepseek-flash
4538,neutral,deepseek-flash
4536,neutral,deepseek-flash
4534,neutral,deepseek-flash
4537,negative,deepseek-flash
4556,negative,deepseek-flash
4542,neutral,deepseek-flash
4540,neutral,deepseek-flash
4539,neutral,deepseek-flash
4544,neutral,deepseek-flash
4559,negative,deepseek-flash
4545,negative,deepseek-flash
4549,neutral,deepseek-flash
4554,negative,deepseek-flash
4543,negative,deepseek-flash
4551,negative,deepseek-flash
4547,negative,deepseek-flash
4541,negative,deepseek-flash
4557,negative,deepseek-flash
4553,negative,deepseek-flash
4564,neutral,deepseek-flash
4552,negative,deepseek-flash
4555,negative,deepseek-flash
4558,negative,deepseek-flash
4561,positive,deepseek-flash
4573,negative,deepseek-flash
4546,negative,deepseek-flash
4560,positive,deepseek-flash
4579,negative,deepseek-flash
4575,negative,deepseek-flash
4566,negative,deepseek-flash
4569,neutral,deepseek-flash
4526,neutral,deepseek-flash
4580,negative,deepseek-flash
4570,neutral,deepseek-flash
4571,negative,deepseek-flash
4568,neutral,deepseek-flash
4565,negative,deepseek-flash
4574,negative,deepseek-flash
4567,neutral,deepseek-flash
4563,neutral,deepseek-flash
4562,neutral,deepseek-flash
4584,neutral,deepseek-flash
4581,negative,deepseek-flash
4572,negative,deepseek-flash
4576,negative,deepseek-flash
4583,negative,deepseek-flash
4587,negative,deepseek-flash
4582,negative,deepseek-flash
4577,negative,deepseek-flash
4585,negative,deepseek-flash
4589,negative,deepseek-flash
4578,negative,deepseek-flash
4588,negative,deepseek-flash
4590,negative,deepseek-flash
4592,negative,deepseek-flash
4593,neutral,deepseek-flash
4586,negative,deepseek-flash
4591,negative,deepseek-flash
4597,neutral,deepseek-flash
4598,neutral,deepseek-flash
4604,neutral,deepseek-flash
4608,negative,deepseek-flash
4594,neutral,deepseek-flash
4602,negative,deepseek-flash
4595,neutral,deepseek-flash
4596,neutral,deepseek-flash
4607,neutral,deepseek-flash
4605,neutral,deepseek-flash
4613,negative,deepseek-flash
4606,neutral,deepseek-flash
4599,neutral,deepseek-flash
4611,negative,deepseek-flash
4601,neutral,deepseek-flash
4600,neutral,deepseek-flash
4610,neutral,deepseek-flash
4603,neutral,deepseek-flash
4619,neutral,deepseek-flash
4612,neutral,deepseek-flash
4609,neutral,deepseek-flash
4614,negative,deepseek-flash
4628,negative,deepseek-flash
4617,neutral,deepseek-flash
4622,negative,deepseek-flash
4616,neutral,deepseek-flash
4621,negative,deepseek-flash
4618,negative,deepseek-flash
4637,negative,deepseek-flash
4624,neutral,deepseek-flash
4626,negative,deepseek-flash
4625,negative,deepseek-flash
4623,negative,deepseek-flash
4615,neutral,deepseek-flash
4620,neutral,deepseek-flash
4630,negative,deepseek-flash
4627,negative,deepseek-flash
4633,negative,deepseek-flash
4634,negative,deepseek-flash
4629,negative,deepseek-flash
4642,negative,deepseek-flash
4643,negative,deepseek-flash
4635,negative,deepseek-flash
4632,negative,deepseek-flash
4631,negative,deepseek-flash
4639,negative,deepseek-flash
4638,negative,deepseek-flash
4636,negative,deepseek-flash
4644,negative,deepseek-flash
4640,negative,deepseek-flash
4641,negative,deepseek-flash
4656,negative,deepseek-flash
4648,negative,deepseek-flash
4645,negative,deepseek-flash
4647,negative,deepseek-flash
4650,negative,deepseek-flash
4651,neutral,deepseek-flash
4657,negative,deepseek-flash
4649,negative,deepseek-flash
4660,negative,deepseek-flash
4661,negative,deepseek-flash
4653,negative,deepseek-flash
4652,negative,deepseek-flash
4658,negative,deepseek-flash
4671,negative,deepseek-flash
4662,negative,deepseek-flash
4664,negative,deepseek-flash
4670,negative,deepseek-flash
4659,negative,deepseek-flash
4646,negative,deepseek-flash
4655,negative,deepseek-flash
4668,negative,deepseek-flash
4654,negative,deepseek-flash
4675,negative,deepseek-flash
4663,negative,deepseek-flash
4674,negative,deepseek-flash
4666,negative,deepseek-flash
4667,negative,deepseek-flash
4679,negative,deepseek-flash
4673,negative,deepseek-flash
4672,negative,deepseek-flash
4676,negative,deepseek-flash
4686,negative,deepseek-flash
4665,negative,deepseek-flash
4688,negative,deepseek-flash
4669,negative,deepseek-flash
4680,negative,deepseek-flash
4677,negative,deepseek-flash
4685,negative,deepseek-flash
4684,negative,deepseek-flash
4678,negative,deepseek-flash
4681,negative,deepseek-flash
4692,negative,deepseek-flash
4702,negative,deepseek-flash
4690,negative,deepseek-flash
4682,negative,deepseek-flash
4701,negative,deepseek-flash
4687,negative,deepseek-flash
4683,negative,deepseek-flash
4697,negative,deepseek-flash
4696,negative,deepseek-flash
4698,negative,deepseek-flash
4691,negative,deepseek-flash
4703,negative,deepseek-flash
4706,negative,deepseek-flash
4699,negative,deepseek-flash
4716,negative,deepseek-flash
4704,negative,deepseek-flash
4689,negative,deepseek-flash
4705,negative,deepseek-flash
4720,negative,deepseek-flash
4693,negative,deepseek-flash
4711,negative,deepseek-flash
4695,negative,deepseek-flash
4708,negative,deepseek-flash
4700,negative,deepseek-flash
4707,negative,deepseek-flash
4694,negative,deepseek-flash
4710,negative,deepseek-flash
4709,neutral,deepseek-flash
4719,negative,deepseek-flash
4718,negative,deepseek-flash
4714,negative,deepseek-flash
4721,negative,deepseek-flash
4722,negative,deepseek-flash
4724,negative,deepseek-flash
4723,negative,deepseek-flash
4713,negative,deepseek-flash
4712,negative,deepseek-flash
4725,negative,deepseek-flash
4715,negative,deepseek-flash
4739,negative,deepseek-flash
4717,negative,deepseek-flash
4733,negative,deepseek-flash
4731,negative,deepseek-flash
4729,negative,deepseek-flash
4726,negative,deepseek-flash
4730,negative,deepseek-flash
4743,negative,deepseek-flash
4727,negative,deepseek-flash
4734,negative,deepseek-flash
4732,negative,deepseek-flash
4737,negative,deepseek-flash
4751,negative,deepseek-flash
4747,negative,deepseek-flash
4736,negative,deepseek-flash
4745,negative,deepseek-flash
4738,negative,deepseek-flash
4728,negative,deepseek-flash
4752,negative,deepseek-flash
4754,negative,deepseek-flash
4764,negative,deepseek-flash
4735,negative,deepseek-flash
4740,negative,deepseek-flash
4744,negative,deepseek-flash
4756,neutral,deepseek-flash
4742,negative,deepseek-flash
4755,negative,deepseek-flash
4749,negative,deepseek-flash
4757,negative,deepseek-flash
4753,neutral,deepseek-flash
4748,negative,deepseek-flash
4750,negative,deepseek-flash
4763,negative,deepseek-flash
4766,positive,deepseek-flash
4741,negative,deepseek-flash
4759,negative,deepseek-flash
4760,negative,deepseek-flash
4746,negative,deepseek-flash
4774,negative,deepseek-flash
4761,neutral,deepseek-flash
4758,negative,deepseek-flash
4762,negative,deepseek-flash
4765,positive,deepseek-flash
4769,neutral,deepseek-flash
4772,neutral,deepseek-flash
4768,neutral,deepseek-flash
4776,negative,deepseek-flash
4773,neutral,deepseek-flash
4775,negative,deepseek-flash
4778,positive,deepseek-flash
4767,neutral,deepseek-flash
4770,neutral,deepseek-flash
4784,negative,deepseek-flash
4796,neutral,deepseek-flash
4779,positive,deepseek-flash
4777,negative,deepseek-flash
4781,negative,deepseek-flash
4785,negative,deepseek-flash
4793,negative,deepseek-flash
4797,neutral,deepseek-flash
4771,neutral,deepseek-flash
4795,negative,deepseek-flash
4782,negative,deepseek-flash
4780,negative,deepseek-flash
4789,negative,deepseek-flash
4790,negative,deepseek-flash
4788,negative,deepseek-flash
4787,negative,deepseek-flash
4798,neutral,deepseek-flash
4801,neutral,deepseek-flash
4786,neutral,deepseek-flash
4794,neutral,deepseek-flash
4792,negative,deepseek-flash
4807,negative,deepseek-flash
4805,negative,deepseek-flash
4783,negative,deepseek-flash
4800,negative,deepseek-flash
4810,negative,deepseek-flash
4799,neutral,deepseek-flash
4791,negative,deepseek-flash
4809,negative,deepseek-flash
4824,negative,deepseek-flash
4804,neutral,deepseek-flash
4802,negative,deepseek-flash
4820,negative,deepseek-flash
4808,negative,deepseek-flash
4818,neutral,deepseek-flash
4806,negative,deepseek-flash
4803,negative,deepseek-flash
4812,neutral,deepseek-flash
4821,neutral,deepseek-flash
4811,neutral,deepseek-flash
4827,negative,deepseek-flash
4833,negative,deepseek-flash
4813,negative,deepseek-flash
4814,neutral,deepseek-flash
4826,negative,deepseek-flash
4835,negative,deepseek-flash
4819,negative,deepseek-flash
4834,neutral,deepseek-flash
4817,neutral,deepseek-flash
4816,neutral,deepseek-flash
4825,negative,deepseek-flash
4823,negative,deepseek-flash
4815,neutral,deepseek-flash
4829,negative,deepseek-flash
4828,negative,deepseek-flash
4832,negative,deepseek-flash
4830,negative,deepseek-flash
4831,negative,deepseek-flash
4836,neutral,deepseek-flash
4822,neutral,deepseek-flash
4837,negative,deepseek-flash
